video_id probabilities true_label chunk_nb split_nb
training_87 [-0.1893310546875, 0.1474609375, -0.32421875, 0.0191192626953125, 0.0177001953125, 0.061187744140625] 5 NA NA
training_52 [-0.1202392578125, 0.1356201171875, -0.07916259765625, -0.01366424560546875, 0.0106964111328125, -0.0518798828125] 1 NA NA
8fb81715-2ca5-4e50-8327-dcd4f4a286a9_combined [-0.17236328125, 0.048736572265625, -0.1622314453125, 0.04742431640625, 0.08245849609375, -0.033172607421875] 4 NA NA
training_47 [-0.1748046875, 0.1318359375, -0.13037109375, -0.07122802734375, 0.0380859375, 0.0555419921875] 1 NA NA
Abuse008_x264 [-0.15673828125, 0.09332275390625, -0.2305908203125, 0.15087890625, -0.0249176025390625, -0.060791015625] 1 NA NA
Fighting032_x264 [-0.1376953125, 0.08880615234375, -0.212890625, 0.1705322265625, -0.0269317626953125, -0.102294921875] 1 NA NA
testing_5 [-0.0843505859375, 0.1552734375, -0.06976318359375, -0.044921875, -0.0164337158203125, -0.049835205078125] 1 NA NA
Burglary008_x264 [-0.132080078125, 0.07684326171875, -0.3037109375, 0.17041015625, -0.0635986328125, 0.007266998291015625] 0 NA NA
training_29 [-0.1158447265625, 0.049896240234375, -0.120849609375, -0.029571533203125, 0.1290283203125, -0.02801513671875] 4 NA NA
training_65 [-0.328857421875, 0.108642578125, -0.107421875, -0.123046875, 0.126708984375, 0.1153564453125] 5 NA NA
Robbery056_x264 [-0.2117919921875, 0.1455078125, -0.329833984375, 0.312744140625, -0.08758544921875, -0.1751708984375] 3 NA NA
testing_2 [-0.1771240234375, 0.10382080078125, -0.273681640625, 0.09466552734375, 0.07330322265625, -0.060638427734375] 5 NA NA
Burglary031_x264 [-0.121826171875, 0.0543212890625, -0.246826171875, 0.2135009765625, -0.0645751953125, -0.055206298828125] 0 NA NA
training_60 [-0.10711669921875, 0.05841064453125, -0.06842041015625, -0.043060302734375, 0.06011962890625, 0.00962066650390625] 4 NA NA
training_93 [-0.130126953125, 0.043365478515625, -0.1444091796875, 0.00962066650390625, 0.1307373046875, -0.049407958984375] 4 NA NA
481cf802-6eec-4011-81bc-70d8b7cc769b_combined [-0.27294921875, 0.1473388671875, -0.468994140625, 0.257568359375, 0.135498046875, -0.2186279296875] 4 NA NA
e4c50c54-6c6b-42ae-a873-1c7443536372 [-0.1409912109375, 0.087890625, -0.1932373046875, 0.1083984375, 0.0634765625, -0.12646484375] 3 NA NA
training_81 [-0.10028076171875, 0.08038330078125, -0.09735107421875, -0.007617950439453125, 0.024383544921875, -0.0025577545166015625] 1 NA NA
training_56 [-0.085693359375, 0.038055419921875, -0.0872802734375, -0.01172637939453125, 0.0498046875, 0.0178375244140625] 5 NA NA
training_130 [-0.1817626953125, 0.091796875, -0.187255859375, -0.0224151611328125, 0.1419677734375, -0.030914306640625] 4 NA NA
training_16 [-0.027801513671875, 0.019378662109375, -0.01366424560546875, 0.007068634033203125, 0.019927978515625, -0.033447265625] 1 NA NA
training_142 [-0.31201171875, 0.1590576171875, -0.41064453125, 0.055206298828125, 0.2138671875, -0.08160400390625] 4 NA NA
training_70 [-0.101318359375, 0.018951416015625, 0.184814453125, -0.027862548828125, -0.01837158203125, -0.055694580078125] 2 NA NA
Stealing071_x264 [-0.10247802734375, 0.0833740234375, -0.1783447265625, 0.10357666015625, 0.045654296875, -0.11883544921875] 3 NA NA
Abuse044_x264 [-0.0888671875, 0.053985595703125, -0.0765380859375, -0.01111602783203125, 0.006786346435546875, 0.024932861328125] 1 NA NA
Robbery003_x264 [-0.09527587890625, 0.032379150390625, -0.139892578125, 0.1790771484375, -0.0379638671875, -0.093505859375] 3 NA NA
training_55 [-0.180419921875, 0.11492919921875, -0.134765625, -0.06396484375, 0.07879638671875, 0.0264739990234375] 5 NA NA
training_2 [-0.0760498046875, 0.0987548828125, -0.041717529296875, -0.0106353759765625, -0.01544952392578125, -0.0350341796875] 1 NA NA
Stealing069_x264 [-0.1236572265625, 0.0782470703125, -0.2255859375, 0.16015625, 0.051513671875, -0.14892578125] 3 NA NA
Assault028_x264 [-0.1416015625, 0.122314453125, -0.212890625, 0.1077880859375, 0.027740478515625, -0.11529541015625] 1 NA NA
Shoplifting029_x264 [-0.1680908203125, 0.0780029296875, -0.237548828125, 0.206787109375, -0.0340576171875, -0.0911865234375] 3 NA NA
4059b615-970a-4184-8dfd-ef37f15b283f_combined [-0.089111328125, 0.06719970703125, -0.1624755859375, 0.0977783203125, 0.04052734375, -0.1048583984375] 4 NA NA
Stealing037_x264 [-0.1856689453125, 0.15771484375, -0.279296875, 0.1568603515625, -0.03729248046875, -0.09954833984375] 3 NA NA
Robbery006_x264 [-0.2149658203125, 0.11431884765625, -0.436767578125, 0.44287109375, -0.1400146484375, -0.178466796875] 3 NA NA
Stealing094_x264 [-0.1187744140625, 0.08660888671875, -0.178955078125, 0.10552978515625, 0.028717041015625, -0.0992431640625] 3 NA NA
386f7adb-b84c-44c1-acf6-9037ecb35714 [-0.1710205078125, 0.06976318359375, -0.29736328125, 0.273193359375, -0.0192413330078125, -0.1484375] 3 NA NA
Burglary066_x264 [-0.091796875, 0.05108642578125, -0.210693359375, 0.1583251953125, 0.0200958251953125, -0.10894775390625] 0 NA NA
training_40 [-0.172607421875, 0.09136962890625, -0.179931640625, -0.033294677734375, 0.08447265625, 0.0377197265625] 5 NA NA
training_68 [-0.312255859375, 0.169189453125, -0.265380859375, -0.134521484375, 0.19580078125, 0.08563232421875] 5 NA NA
Abuse025_x264 [-0.1121826171875, 0.09130859375, -0.17822265625, 0.0972900390625, -0.03387451171875, -0.04144287109375] 1 NA NA
training_87 [-0.1307373046875, 0.142578125, -0.1412353515625, -0.057769775390625, 0.0100555419921875, 0.018585205078125] 1 NA NA
cd3dc746-1293-45e1-ac03-d7e1a97760f4_combined [-0.205078125, 0.1405029296875, -0.271484375, 0.160400390625, 0.026092529296875, -0.135498046875] 4 NA NA
Burglary012_x264 [-0.1319580078125, 0.10906982421875, -0.267578125, 0.1531982421875, -0.0703125, -0.0303497314453125] 0 NA NA
Burglary009_x264 [-0.2318115234375, 0.151611328125, -0.488525390625, 0.284912109375, -0.0682373046875, -0.07513427734375] 0 NA NA
testing_25 [-0.07666015625, 0.10302734375, -0.042877197265625, -0.02099609375, -0.00847625732421875, -0.032928466796875] 1 NA NA
training_93 [-0.1495361328125, 0.09356689453125, -0.13330078125, -0.034027099609375, 0.0560302734375, 0.0297088623046875] 1 NA NA
Burglary077_x264 [-0.1600341796875, 0.09466552734375, -0.266357421875, 0.2427978515625, -0.06439208984375, -0.1131591796875] 0 NA NA
testing_23 [-0.26806640625, 0.12548828125, -0.1627197265625, -0.0943603515625, 0.16845703125, 0.0204925537109375] 4 NA NA
Burglary089_x264 [-0.1451416015625, 0.10504150390625, -0.32861328125, 0.1634521484375, -0.0003578662872314453, -0.06427001953125] 0 NA NA
training_53 [-0.06268310546875, 0.0287628173828125, -0.07861328125, -0.003421783447265625, 0.02587890625, 0.0205230712890625] 5 NA NA
testing_9 [-0.1636962890625, 0.163330078125, -0.209716796875, 0.0278778076171875, 0.038177490234375, -0.064453125] 1 NA NA
training_54 [-0.114013671875, 0.18896484375, -0.1558837890625, 0.01422882080078125, -0.0260772705078125, -0.0875244140625] 1 NA NA
f7be13d4-852b-4a0d-86e8-45b913465090_combined [-0.1229248046875, 0.078369140625, -0.1961669921875, 0.09326171875, 0.0794677734375, -0.1136474609375] 3 NA NA
training_95 [-0.1453857421875, 0.0160369873046875, -0.103759765625, -0.054840087890625, 0.1893310546875, -0.0100250244140625] 4 NA NA
Fighting036_x264 [-0.2288818359375, 0.159423828125, -0.309326171875, 0.13037109375, 0.03167724609375, -0.0936279296875] 1 NA NA
testing_8 [-0.142822265625, 0.0278167724609375, 0.2294921875, -0.040924072265625, -0.02813720703125, -0.051483154296875] 2 NA NA
training_72 [-0.1484375, 0.0576171875, -0.1373291015625, -0.0186767578125, 0.156494140625, -0.054046630859375] 4 NA NA
Burglary072_x264 [-0.2110595703125, 0.1383056640625, -0.37841796875, 0.212646484375, 0.01561737060546875, -0.1163330078125] 0 NA NA
training_196 [-0.306640625, 0.1646728515625, -0.339599609375, -0.00433349609375, 0.181884765625, -0.02301025390625] 4 NA NA
testing_8 [-0.26513671875, 0.1173095703125, -0.275390625, -0.04150390625, 0.2413330078125, -0.04327392578125] 4 NA NA
Burglary048_x264 [-0.1351318359375, 0.081787109375, -0.23388671875, 0.0992431640625, 0.007740020751953125, -0.025634765625] 0 NA NA
Assault023_x264 [-0.252685546875, 0.1864013671875, -0.406982421875, 0.1710205078125, 0.062255859375, -0.13134765625] 1 NA NA
17dc7d04-4430-4534-8ed4-38f8d9cc9ae9_combined [-0.10052490234375, 0.0672607421875, -0.159912109375, 0.137939453125, 0.01143646240234375, -0.12200927734375] 4 NA NA
training_17 [-0.205322265625, 0.162109375, -0.251953125, 0.01399993896484375, 0.0975341796875, -0.0628662109375] 4 NA NA
training_91 [-0.23876953125, 0.1151123046875, -0.2489013671875, -0.012969970703125, 0.08038330078125, 0.0667724609375] 5 NA NA
testing_15 [-0.0841064453125, 0.11041259765625, -0.050933837890625, -0.027252197265625, -0.0044708251953125, -0.02947998046875] 1 NA NA
testing_7 [-0.2176513671875, 0.08612060546875, -0.1624755859375, -0.07806396484375, 0.10125732421875, 0.087890625] 5 NA NA
training_3 [-0.165283203125, 0.046844482421875, 0.130859375, -0.0374755859375, 0.002338409423828125, -0.0307769775390625] 2 NA NA
Stealing054_x264 [-0.029754638671875, 0.0200958251953125, -0.039886474609375, 0.0635986328125, -0.00830841064453125, -0.05767822265625] 3 NA NA
f3be952f-7a3e-429c-bb25-5b0f8c8ac916_combined [-0.2254638671875, 0.07110595703125, -0.445556640625, 0.43310546875, -0.04498291015625, -0.1995849609375] 4 NA NA
training_9 [-0.09930419921875, 0.11114501953125, -0.056427001953125, -0.0114593505859375, 0.0003952980041503906, -0.040496826171875] 1 NA NA
testing_10 [-0.1304931640625, 0.0311431884765625, 0.1964111328125, -0.037261962890625, -0.0169677734375, -0.052520751953125] 2 NA NA
training_56 [-0.0972900390625, 0.0113677978515625, 0.139404296875, -0.0181427001953125, -0.00353240966796875, -0.031585693359375] 2 NA NA
training_4 [-0.15576171875, 0.036834716796875, 0.191162109375, -0.034698486328125, -0.023345947265625, -0.044097900390625] 2 NA NA
training_61 [-0.1329345703125, 0.0289306640625, 0.2113037109375, -0.026275634765625, -0.0350341796875, -0.0574951171875] 2 NA NA
Robbery089_x264 [-0.1600341796875, 0.133544921875, -0.239990234375, 0.1656494140625, -0.034881591796875, -0.11004638671875] 3 NA NA
training_36 [-0.03375244140625, 0.039276123046875, -0.0107269287109375, -0.02508544921875, -0.0019292831420898438, 0.001186370849609375] 1 NA NA
fdacbba7-db40-4582-92ad-c3710db32e3f_combined [-0.1468505859375, 0.0322265625, -0.390380859375, 0.405029296875, -0.06768798828125, -0.1744384765625] 3 NA NA
Assault046_x264 [-0.18408203125, 0.138671875, -0.306640625, 0.2203369140625, -0.0266265869140625, -0.150390625] 1 NA NA
testing_31 [-0.1485595703125, 0.0609130859375, -0.116943359375, -0.09033203125, 0.12744140625, 0.05657958984375] 4 NA NA
fb33df3f-e915-4806-b4d2-bbd816695713_combined [-0.2098388671875, 0.08392333984375, -0.2197265625, 0.09844970703125, 0.1220703125, -0.1263427734375] 4 NA NA
Shoplifting012_x264 [-0.14013671875, 0.0672607421875, -0.15087890625, 0.144287109375, -0.07464599609375, -0.03192138671875] 3 NA NA
training_36 [-0.231689453125, 0.105224609375, -0.30712890625, -0.0289306640625, 0.176025390625, 0.0238800048828125] 4 NA NA
testing_11 [-0.1663818359375, 0.2347412109375, -0.2139892578125, 0.004444122314453125, 0.00408935546875, -0.10064697265625] 1 NA NA
testing_9 [-0.087890625, 0.04461669921875, -0.0748291015625, -0.03466796875, 0.0164642333984375, 0.05859375] 5 NA NA
Robbery114_x264 [-0.11956787109375, 0.102294921875, -0.2110595703125, 0.162841796875, -0.041778564453125, -0.0999755859375] 3 NA NA
training_59 [-0.060577392578125, 0.10931396484375, -0.0244598388671875, -0.033966064453125, -0.0084228515625, -0.0504150390625] 1 NA NA
e6d436cd-be3c-4ba6-892b-86a695eeb591 [-0.11627197265625, 0.0738525390625, -0.1634521484375, 0.0899658203125, 0.05364990234375, -0.10498046875] 3 NA NA
Burglary022_x264 [-0.042022705078125, 0.054046630859375, -0.10748291015625, 0.048065185546875, 0.0029659271240234375, -0.044525146484375] 0 NA NA
Robbery079_x264 [-0.186767578125, 0.10394287109375, -0.260009765625, 0.25146484375, -0.047760009765625, -0.1470947265625] 3 NA NA
Shoplifting028_x264 [-0.202392578125, 0.11065673828125, -0.2252197265625, 0.188720703125, -0.006404876708984375, -0.1268310546875] 3 NA NA
Shoplifting017_x264 [-0.2470703125, 0.12890625, -0.52880859375, 0.490234375, -0.12298583984375, -0.197021484375] 3 NA NA
training_19 [-0.07501220703125, 0.0943603515625, -0.06390380859375, -0.0213165283203125, -0.0112762451171875, -0.003742218017578125] 1 NA NA
training_98 [-0.3349609375, 0.159912109375, -0.322998046875, -0.1424560546875, 0.2548828125, 0.09442138671875] 4 NA NA
testing_14 [-0.306884765625, 0.2052001953125, -0.27880859375, -0.06915283203125, 0.07440185546875, 0.07574462890625] 5 NA NA
4191422d-81c6-456e-9a01-fa5d7b796de8_combined [-0.1268310546875, 0.0936279296875, -0.232421875, 0.1329345703125, 0.052825927734375, -0.1343994140625] 3 NA NA
testing_16 [-0.11883544921875, 0.052581787109375, -0.09619140625, -0.056640625, 0.0386962890625, 0.09185791015625] 5 NA NA
training_45 [-0.0482177734375, 0.025238037109375, -0.046630859375, 0.02056884765625, 0.0228424072265625, -0.03326416015625] 1 NA NA
testing_10 [-0.06781005859375, 0.0970458984375, -0.031402587890625, -0.0151214599609375, -0.0113677978515625, -0.043182373046875] 1 NA NA
testing_34 [-0.0670166015625, 0.1666259765625, -0.0814208984375, -0.05633544921875, -0.03314208984375, -0.038055419921875] 1 NA NA
training_9 [-0.06854248046875, 0.10205078125, -0.029144287109375, -0.01580810546875, -0.0173492431640625, -0.043212890625] 1 NA NA
2c3f1c1f-3e8f-4e5b-b388-21b7acb3b914_combined [-0.0989990234375, 0.00433349609375, -0.160400390625, 0.067138671875, 0.08026123046875, -0.0328369140625] 4 NA NA
training_5 [-0.140869140625, 0.1080322265625, -0.1785888671875, 0.01275634765625, 0.044036865234375, -0.021209716796875] 1 NA NA
Assault006_x264 [-0.1820068359375, 0.1376953125, -0.296142578125, 0.173583984375, -0.07843017578125, -0.048309326171875] 1 NA NA
training_34 [-0.324951171875, 0.2015380859375, -0.382080078125, -0.033935546875, 0.196533203125, -0.009765625] 4 NA NA
training_60 [-0.191162109375, 0.08917236328125, -0.1239013671875, -0.04071044921875, 0.036590576171875, 0.07318115234375] 5 NA NA
training_14 [-0.279541015625, 0.12261962890625, -0.26318359375, -0.085693359375, 0.1759033203125, 0.0848388671875] 5 NA NA
Robbery118_x264 [-0.2081298828125, 0.1263427734375, -0.400634765625, 0.322021484375, -0.06719970703125, -0.1414794921875] 3 NA NA
training_96 [-0.16845703125, 0.1513671875, -0.1441650390625, -0.0164794921875, -0.00909423828125, 0.01374053955078125] 1 NA NA
training_7 [-0.10955810546875, 0.061492919921875, -0.133544921875, 0.00366973876953125, 0.0771484375, -0.023834228515625] 4 NA NA
f84dba8e-ce0f-4b77-8e97-c94aab3b4cc6_combined [-0.12939453125, 0.079833984375, -0.233154296875, 0.16552734375, 0.03009033203125, -0.1318359375] 4 NA NA
training_72 [-0.1416015625, 0.0304107666015625, 0.1710205078125, -0.06756591796875, 0.007335662841796875, -0.01617431640625] 2 NA NA
Robbery139_x264 [-0.08612060546875, 0.0347900390625, -0.11248779296875, 0.125244140625, -0.0182952880859375, -0.07275390625] 3 NA NA
Assault050_x264 [-0.1866455078125, 0.11749267578125, -0.27490234375, 0.255126953125, -0.08367919921875, -0.11749267578125] 1 NA NA
training_27 [-0.14208984375, 0.0330810546875, 0.19091796875, -0.04547119140625, -0.004604339599609375, -0.050140380859375] 2 NA NA
Assault052_x264 [-0.1845703125, 0.159912109375, -0.2320556640625, 0.10223388671875, 0.0016765594482421875, -0.096435546875] 1 NA NA
training_55 [-0.0869140625, 0.144287109375, -0.11431884765625, 0.00734710693359375, -0.01904296875, -0.06597900390625] 1 NA NA
training_190 [-0.1619873046875, 0.0941162109375, -0.1593017578125, -0.0411376953125, 0.0963134765625, 0.0162811279296875] 4 NA NA
training_33 [-0.0836181640625, 0.11492919921875, -0.058685302734375, -0.0009984970092773438, 0.0028629302978515625, -0.0709228515625] 1 NA NA
training_24 [-0.269287109375, 0.1629638671875, -0.2064208984375, -0.1318359375, 0.126708984375, 0.10321044921875] 4 NA NA
training_17 [-0.1455078125, 0.1380615234375, -0.18212890625, 0.039306640625, -0.005222320556640625, -0.03204345703125] 1 NA NA
Robbery045_x264 [-0.2164306640625, 0.1297607421875, -0.41796875, 0.3544921875, -0.12127685546875, -0.11358642578125] 3 NA NA
training_47 [-0.07672119140625, 0.122802734375, -0.043426513671875, 0.00695037841796875, -0.0143585205078125, -0.0869140625] 1 NA NA
testing_16 [-0.0775146484375, 0.10302734375, -0.044586181640625, -0.0251617431640625, -0.004909515380859375, -0.0296173095703125] 1 NA NA
Robbery018_x264 [-0.2237548828125, 0.0777587890625, -0.35888671875, 0.41748046875, -0.113037109375, -0.177978515625] 3 NA NA
Robbery028_x264 [-0.124755859375, 0.07452392578125, -0.280029296875, 0.258544921875, -0.0589599609375, -0.1268310546875] 3 NA NA
testing_1 [-0.137451171875, 0.0416259765625, 0.1810302734375, -0.039947509765625, -0.01226043701171875, -0.055267333984375] 2 NA NA
Abuse026_x264 [-0.202392578125, 0.1309814453125, -0.22607421875, 0.09381103515625, 0.0220794677734375, -0.06390380859375] 1 NA NA
training_82 [-0.13427734375, 0.1484375, -0.179931640625, -0.048065185546875, 0.05084228515625, -0.002773284912109375] 1 NA NA
training_72 [-0.19677734375, 0.162353515625, -0.2415771484375, 0.0186920166015625, 0.055755615234375, -0.0289154052734375] 1 NA NA
testing_11 [-0.16552734375, 0.024688720703125, 0.23095703125, -0.04901123046875, -0.01146697998046875, -0.050201416015625] 2 NA NA
Fighting045_x264 [-0.1776123046875, 0.11322021484375, -0.2587890625, 0.1727294921875, 0.009246826171875, -0.12066650390625] 1 NA NA
training_47 [-0.1280517578125, 0.0181884765625, 0.20703125, -0.0218353271484375, -0.019256591796875, -0.065185546875] 2 NA NA
training_64 [-0.162841796875, 0.185302734375, -0.133544921875, -0.01088714599609375, 0.0087890625, -0.068359375] 1 NA NA
training_63 [-0.11383056640625, 0.0797119140625, -0.0936279296875, -0.0265045166015625, 0.041259765625, 0.0081939697265625] 1 NA NA
Stealing036_x264 [-0.1265869140625, 0.07562255859375, -0.179931640625, 0.1693115234375, -0.0185089111328125, -0.11614990234375] 3 NA NA
78c2f2ca-bb06-4878-9e7c-d3e84d0add6d_combined [-0.1875, 0.06365966796875, -0.295166015625, 0.1650390625, 0.0830078125, -0.1005859375] 4 NA NA
Burglary057_x264 [-0.07177734375, 0.0706787109375, -0.1778564453125, 0.15234375, -0.048980712890625, -0.08343505859375] 0 NA NA
a582bff9-d191-4184-a32d-0cfe28f13938_combined [-0.10821533203125, 0.055877685546875, -0.1715087890625, 0.1328125, 0.00540924072265625, -0.08599853515625] 4 NA NA
training_143 [-0.29296875, 0.2054443359375, -0.30322265625, -0.028350830078125, 0.1346435546875, -0.034881591796875] 4 NA NA
Burglary088_x264 [-0.1412353515625, 0.1324462890625, -0.2393798828125, 0.144287109375, -0.004955291748046875, -0.12457275390625] 0 NA NA
Stealing107_x264 [-0.1517333984375, 0.125732421875, -0.267822265625, 0.2374267578125, -0.06292724609375, -0.1507568359375] 3 NA NA
training_50 [-0.087890625, 0.12030029296875, -0.07171630859375, -0.01568603515625, 0.0053863525390625, -0.046661376953125] 1 NA NA
training_83 [-0.11883544921875, 0.0799560546875, -0.103515625, -0.01995849609375, 0.043792724609375, 0.0055999755859375] 1 NA NA
testing_7 [-0.06488037109375, 0.09716796875, -0.0230865478515625, -0.0179595947265625, -0.0161895751953125, -0.042022705078125] 1 NA NA
training_83 [-0.21923828125, 0.1678466796875, -0.2010498046875, 0.01163482666015625, 0.0255126953125, -0.0251312255859375] 5 NA NA
Stealing106_x264 [-0.1597900390625, 0.12091064453125, -0.319580078125, 0.228515625, 0.01381683349609375, -0.1741943359375] 3 NA NA
training_149 [-0.205322265625, 0.10040283203125, -0.244140625, 0.01514434814453125, 0.1719970703125, -0.07354736328125] 4 NA NA
training_15 [-0.1640625, 0.034637451171875, 0.2086181640625, -0.041778564453125, -0.0184783935546875, -0.04705810546875] 2 NA NA
Burglary046_x264 [-0.10302734375, 0.0997314453125, -0.164794921875, 0.1387939453125, -0.052398681640625, -0.0936279296875] 0 NA NA
training_68 [-0.1834716796875, 0.10693359375, -0.14501953125, -0.11865234375, 0.082275390625, 0.11083984375] 1 NA NA
training_4 [-0.1298828125, 0.06390380859375, -0.127685546875, -0.0184783935546875, 0.07208251953125, 0.007755279541015625] 4 NA NA
training_24 [-0.0845947265625, 0.157958984375, -0.136474609375, 0.037353515625, -0.057952880859375, -0.06622314453125] 1 NA NA
training_171 [-0.266357421875, 0.09881591796875, -0.262939453125, -0.05072021484375, 0.242919921875, -0.0125274658203125] 4 NA NA
training_42 [-0.07769775390625, 0.07275390625, -0.11517333984375, 0.0621337890625, -0.03143310546875, -0.026580810546875] 1 NA NA
Robbery046_x264 [-0.11053466796875, 0.005840301513671875, -0.09735107421875, -0.00737762451171875, 0.0767822265625, 0.043212890625] 3 NA NA
training_17 [-0.1533203125, 0.1634521484375, -0.124267578125, -0.045074462890625, 0.0372314453125, -0.0330810546875] 1 NA NA
training_91 [-0.09783935546875, 0.04986572265625, -0.078369140625, -0.0191802978515625, 0.037139892578125, 0.02001953125] 4 NA NA
training_107 [-0.12005615234375, 0.056640625, -0.1285400390625, 0.02587890625, 0.05438232421875, -0.022705078125] 4 NA NA
training_75 [-0.11163330078125, 0.065185546875, -0.109619140625, -0.01378631591796875, 0.0408935546875, 0.0159149169921875] 5 NA NA
testing_25 [-0.14990234375, 0.07769775390625, -0.040740966796875, -0.09649658203125, 0.03594970703125, 0.08172607421875] 1 NA NA
training_69 [-0.17529296875, 0.1519775390625, -0.1881103515625, 0.040374755859375, -0.0089111328125, -0.03582763671875] 1 NA NA
Stealing086_x264 [-0.145263671875, 0.083740234375, -0.283203125, 0.1849365234375, 0.062408447265625, -0.151611328125] 3 NA NA
training_99 [-0.1478271484375, 0.0869140625, -0.1396484375, 0.0013647079467773438, 0.05694580078125, -0.004627227783203125] 4 NA NA
training_103 [-0.2066650390625, 0.11669921875, -0.199462890625, -0.04595947265625, 0.025970458984375, 0.1190185546875] 5 NA NA
Robbery047_x264 [-0.0968017578125, 0.035247802734375, -0.1763916015625, 0.1929931640625, -0.028839111328125, -0.1038818359375] 3 NA NA
Assault009_x264 [-0.159423828125, 0.1024169921875, -0.266845703125, 0.170166015625, -0.03692626953125, -0.0684814453125] 1 NA NA
b030aef1-ae5b-4706-85bb-f98e5ea3442f_combined [-0.2117919921875, 0.133544921875, -0.260009765625, 0.1087646484375, 0.087646484375, -0.134033203125] 4 NA NA
Stealing070_x264 [-0.146484375, 0.110595703125, -0.2447509765625, 0.1396484375, 0.05853271484375, -0.1502685546875] 3 NA NA
Fighting022_x264 [-0.052337646484375, 0.056121826171875, -0.04339599609375, 0.0288543701171875, -0.0220947265625, -0.03131103515625] 1 NA NA
Robbery062_x264 [-0.1658935546875, 0.09002685546875, -0.320556640625, 0.2734375, -0.06988525390625, -0.110595703125] 3 NA NA
training_74 [-0.09600830078125, 0.164794921875, -0.09234619140625, -0.0399169921875, -0.0175628662109375, -0.04486083984375] 1 NA NA
training_79 [-0.044830322265625, 0.1068115234375, -0.0565185546875, 0.0096588134765625, -0.034698486328125, -0.06396484375] 1 NA NA
Assault030_x264 [-0.1513671875, 0.1295166015625, -0.2498779296875, 0.158935546875, -0.0175628662109375, -0.11724853515625] 1 NA NA
testing_3 [-0.06939697265625, 0.09686279296875, -0.0277252197265625, -0.0163116455078125, -0.01305389404296875, -0.0396728515625] 1 NA NA
testing_32 [-0.1026611328125, 0.1072998046875, -0.05328369140625, -0.00519561767578125, 0.00353240966796875, -0.0469970703125] 1 NA NA
training_56 [-0.07733154296875, 0.104736328125, -0.043548583984375, -0.0206451416015625, -0.00952911376953125, -0.0333251953125] 1 NA NA
testing_5 [-0.058837890625, 0.08660888671875, -0.033111572265625, -0.00514984130859375, -0.01262664794921875, -0.044830322265625] 1 NA NA
training_147 [-0.228759765625, 0.10296630859375, -0.14892578125, -0.04449462890625, 0.173095703125, -0.057830810546875] 4 NA NA
training_90 [-0.10870361328125, 0.181640625, -0.115234375, -0.044464111328125, -0.01436614990234375, -0.048675537109375] 1 NA NA
training_37 [-0.08447265625, 0.10009765625, -0.09295654296875, 0.01016998291015625, -0.0170135498046875, -0.026397705078125] 1 NA NA
training_76 [-0.1055908203125, 0.1470947265625, -0.09442138671875, -0.0251312255859375, -0.0016202926635742188, -0.0474853515625] 1 NA NA
training_74 [-0.11602783203125, 0.09149169921875, -0.10906982421875, 0.0022735595703125, 0.006687164306640625, 0.005462646484375] 1 NA NA
training_24 [-0.07733154296875, 0.10186767578125, -0.033050537109375, -0.032012939453125, -0.006946563720703125, -0.025909423828125] 1 NA NA
training_151 [-0.1636962890625, 0.056915283203125, -0.18212890625, -0.05322265625, 0.19921875, -0.0207977294921875] 4 NA NA
training_63 [-0.1507568359375, 0.2269287109375, -0.1995849609375, -0.04071044921875, -0.019622802734375, -0.0266571044921875] 1 NA NA
training_10 [-0.1842041015625, 0.10321044921875, -0.1912841796875, -0.0204620361328125, 0.052520751953125, 0.06939697265625] 5 NA NA
training_66 [-0.154052734375, 0.03900146484375, -0.12646484375, -0.031097412109375, 0.1334228515625, 0.00739288330078125] 4 NA NA
training_2 [-0.1781005859375, 0.132568359375, -0.142578125, -0.038116455078125, 0.001407623291015625, 0.078369140625] 5 NA NA
Shoplifting048_x264 [-0.128662109375, 0.048370361328125, -0.147216796875, 0.175048828125, -0.051666259765625, -0.07562255859375] 3 NA NA
training_82 [-0.251708984375, 0.2276611328125, -0.2626953125, -0.0176544189453125, 0.01678466796875, 0.01143646240234375] 1 NA NA
video_15 [-0.08892822265625, 0.034149169921875, -0.11004638671875, 0.0338134765625, -0.059051513671875, 0.08746337890625] 5 NA NA
video_18 [-0.09991455078125, 0.041778564453125, -0.156982421875, 0.048187255859375, -0.018798828125, 0.058013916015625] 5 NA NA
video_44 [-0.12841796875, 0.0297393798828125, -0.21826171875, 0.01192474365234375, -0.026702880859375, 0.172607421875] 5 NA NA
video_10 [-0.136962890625, 0.046905517578125, -0.12213134765625, -0.036102294921875, -0.00748443603515625, 0.1380615234375] 5 NA NA
video_9 [-0.10614013671875, 0.05029296875, -0.1024169921875, 0.0080108642578125, -0.0267333984375, 0.0693359375] 5 NA NA
video_42 [-0.123291015625, 0.0309295654296875, -0.1522216796875, 0.0071563720703125, 0.02789306640625, 0.0823974609375] 5 NA NA
video_48 [-0.1910400390625, 0.0406494140625, -0.29833984375, 0.012908935546875, 0.00022292137145996094, 0.216796875] 5 NA NA
video_56 [-0.10955810546875, 0.049468994140625, -0.1553955078125, 0.003143310546875, -0.0125579833984375, 0.0980224609375] 5 NA NA
video_41 [-0.12139892578125, 0.042755126953125, -0.1767578125, 0.00272369384765625, 0.0005555152893066406, 0.11224365234375] 5 NA NA
training_56 [-0.073974609375, 0.07379150390625, -0.054656982421875, -0.03863525390625, 0.04412841796875, -0.021697998046875] -1 NA NA
training_10 [-0.047821044921875, 0.03668212890625, -0.0301055908203125, -0.015350341796875, 0.037628173828125, -0.0213775634765625] -1 NA NA
testing_11 [-0.0283203125, 0.03277587890625, 0.0033168792724609375, -0.01403045654296875, 0.017425537109375, -0.034637451171875] -1 NA NA
training_64 [-0.0304107666015625, 0.015838623046875, -0.024078369140625, 0.00943756103515625, 0.019500732421875, -0.0165252685546875] -1 NA NA
training_54 [-0.0308837890625, 0.0235443115234375, -0.00554656982421875, -0.0006504058837890625, 0.017425537109375, -0.0267486572265625] -1 NA NA
testing_13 [-0.037872314453125, 0.021240234375, -0.0185089111328125, -0.00933837890625, 0.0299224853515625, -0.0137786865234375] -1 NA NA
testing_22 [-0.08673095703125, 0.1126708984375, -0.055511474609375, -0.02191162109375, -0.0034732818603515625, -0.04229736328125] -1 NA NA
training_41 [-0.0286712646484375, 0.0243682861328125, -0.01403045654296875, -0.0003955364227294922, 0.0210113525390625, -0.027801513671875] -1 NA NA
training_9 [-0.033416748046875, 0.0269317626953125, -0.0309295654296875, -0.0018310546875, 0.02581787109375, -0.0208740234375] -1 NA NA
testing_19 [-0.038726806640625, 0.0295257568359375, -0.03619384765625, -0.02215576171875, 0.035980224609375, 0.0007948875427246094] -1 NA NA
testing_24 [-0.03546142578125, 0.0298004150390625, -0.03564453125, -0.0118408203125, 0.025177001953125, -0.007335662841796875] -1 NA NA
training_57 [-0.05548095703125, 0.0399169921875, -0.0307159423828125, -0.018707275390625, 0.049896240234375, -0.030670166015625] -1 NA NA
training_49 [-0.039306640625, 0.04571533203125, -0.055511474609375, 0.01507568359375, 0.007373809814453125, -0.034515380859375] -1 NA NA
training_11 [-0.0278778076171875, 0.023834228515625, -0.00887298583984375, -0.001583099365234375, 0.0191650390625, -0.0258331298828125] -1 NA NA
training_12 [-0.04644775390625, 0.044189453125, -0.06427001953125, -0.0245819091796875, 0.03448486328125, 0.00925445556640625] -1 NA NA
training_42 [-0.0279998779296875, -0.003643035888671875, -0.0108795166015625, -0.009002685546875, 0.002582550048828125, 0.04010009765625] -1 NA NA
training_60 [-0.03851318359375, 0.003814697265625, -0.033660888671875, -0.006378173828125, 0.0049285888671875, 0.046356201171875] -1 NA NA
training_68 [-0.036285400390625, -0.01091766357421875, -0.06298828125, 0.0172576904296875, 0.04669189453125, 0.014068603515625] -1 NA NA
training_69 [-0.0099334716796875, -0.0007739067077636719, -0.0002028942108154297, -0.0207672119140625, -0.001552581787109375, 0.035797119140625] -1 NA NA
training_29 [-0.0435791015625, -0.002124786376953125, -0.06414794921875, -0.00812530517578125, 0.026824951171875, 0.057891845703125] -1 NA NA
testing_13 [-0.0709228515625, 0.00726318359375, -0.114990234375, -0.00783538818359375, 0.05096435546875, 0.065673828125] -1 NA NA
training_75 [-0.027801513671875, -0.00638580322265625, -0.031646728515625, 0.006473541259765625, 0.01206207275390625, 0.0291290283203125] -1 NA NA
training_57 [0.0035953521728515625, -0.0186614990234375, 0.0101776123046875, 0.0081024169921875, -0.01800537109375, 0.0323486328125] -1 NA NA
training_63 [-0.01385498046875, -0.0102691650390625, -0.03375244140625, -0.006130218505859375, 0.007396697998046875, 0.045684814453125] -1 NA NA
training_28 [-0.0223541259765625, -0.00995635986328125, -0.055084228515625, 0.00728607177734375, 0.01540374755859375, 0.042327880859375] -1 NA NA
training_9 [-0.04150390625, 0.0157470703125, -0.01189422607421875, -0.03369140625, 0.01039886474609375, 0.040252685546875] -1 NA NA
training_20 [-0.0266571044921875, 0.006168365478515625, -0.0265655517578125, -0.00768280029296875, 0.0007176399230957031, 0.0377197265625] -1 NA NA
testing_8 [-0.0133819580078125, -0.0060272216796875, -0.0279388427734375, 0.0115509033203125, 0.0035305023193359375, 0.01983642578125] -1 NA NA
training_32 [-0.038055419921875, 0.00016939640045166016, -0.06298828125, 0.0186767578125, 0.02044677734375, 0.02325439453125] -1 NA NA
testing_20 [-0.054443359375, 0.0187530517578125, -0.03533935546875, -0.0095062255859375, -0.0122833251953125, 0.062042236328125] -1 NA NA
training_65 [-0.0438232421875, 0.04901123046875, -0.051788330078125, 0.00408172607421875, 0.00281524658203125, -0.019317626953125] -1 NA NA
testing_4 [-0.00858306884765625, 0.004817962646484375, -0.016693115234375, -0.01464080810546875, 0.0223541259765625, 0.0032367706298828125] -1 NA NA
training_61 [-0.09893798828125, 0.04400634765625, -0.10601806640625, 0.04541015625, 0.01328277587890625, -0.01462554931640625] -1 NA NA
training_37 [-0.049224853515625, 0.024658203125, -0.051910400390625, 0.00476837158203125, 0.0234832763671875, -0.0091094970703125] -1 NA NA
testing_26 [-0.116943359375, 0.032806396484375, -0.12103271484375, 0.00098419189453125, 0.0723876953125, 0.01367950439453125] -1 NA NA
training_5 [-0.060394287109375, 0.0582275390625, -0.0367431640625, -0.0191650390625, 0.01251220703125, -0.01470184326171875] -1 NA NA
training_9 [-0.05877685546875, 0.052642822265625, -0.04705810546875, 0.000896453857421875, -0.003387451171875, -0.0027484893798828125] -1 NA NA
training_20 [-0.05938720703125, 0.031494140625, -0.08013916015625, 0.007015228271484375, 0.043060302734375, -0.0196685791015625] -1 NA NA
testing_17 [-0.06536865234375, 0.0269317626953125, -0.11712646484375, -0.0146331787109375, 0.07012939453125, 0.0227203369140625] -1 NA NA
training_18 [-0.095458984375, 0.05535888671875, -0.12225341796875, -0.01076507568359375, 0.059051513671875, -0.00743865966796875] -1 NA NA
training_50 [-0.0638427734375, 0.0462646484375, -0.1185302734375, 0.03314208984375, 0.0257415771484375, -0.02056884765625] -1 NA NA
training_55 [-0.08538818359375, 0.0439453125, -0.09912109375, 0.024932861328125, 0.0300445556640625, -0.0193023681640625] -1 NA NA
training_25 [-0.0716552734375, 0.035125732421875, -0.08343505859375, -0.002574920654296875, 0.053619384765625, -0.0084381103515625] -1 NA NA
testing_12 [-0.0731201171875, 0.05279541015625, -0.089111328125, -0.048370361328125, 0.058868408203125, 0.0275421142578125] -1 NA NA
training_69 [-0.151123046875, 0.06182861328125, -0.1651611328125, 0.020965576171875, 0.06689453125, -0.00150299072265625] -1 NA NA
training_13 [-0.0219268798828125, -0.027801513671875, 0.00438690185546875, -0.0011701583862304688, 0.041839599609375, 0.0004992485046386719] -1 NA NA
training_30 [-0.0160980224609375, 0.00461578369140625, -0.0110626220703125, 0.020599365234375, -0.005535125732421875, -0.014617919921875] -1 NA NA
testing_4 [-0.016448974609375, -0.01043701171875, 0.002811431884765625, -0.001377105712890625, 0.0180816650390625, 0.002147674560546875] -1 NA NA
training_33 [0.004756927490234375, -0.038360595703125, 0.03582763671875, -0.0191497802734375, 0.01430511474609375, 0.0186767578125] -1 NA NA
training_47 [0.0008525848388671875, -0.023284912109375, 0.017913818359375, -0.017303466796875, 0.01531219482421875, 0.0201873779296875] -1 NA NA
training_74 [-0.04534912109375, 0.0145721435546875, -0.00925445556640625, -0.0017766952514648438, 0.0184173583984375, -0.0111083984375] -1 NA NA
testing_25 [-0.06292724609375, 0.05804443359375, -0.0596923828125, -0.0010824203491210938, 0.02752685546875, -0.034942626953125] -1 NA NA
testing_18 [-0.0184326171875, -0.0006999969482421875, -0.01214599609375, 0.008880615234375, 0.01031494140625, -0.0081329345703125] -1 NA NA
training_40 [-0.034912109375, 0.01123046875, -0.0196685791015625, -0.036773681640625, 0.0433349609375, 0.0117340087890625] -1 NA NA
training_65 [-0.00531768798828125, 0.0050811767578125, 0.0257110595703125, -0.0080413818359375, 0.003345489501953125, -0.0176544189453125] -1 NA NA
training_64 [-0.012359619140625, 0.0050506591796875, 0.011383056640625, -0.0087127685546875, 0.0182037353515625, -0.0178680419921875] -1 NA NA
training_9 [-0.0261993408203125, 0.010986328125, -0.0350341796875, -0.00525665283203125, 0.0119171142578125, 0.00623321533203125] -1 NA NA
training_42 [-0.044525146484375, 0.0273284912109375, -0.060333251953125, 0.00980377197265625, 0.04681396484375, -0.040130615234375] -1 NA NA
training_62 [-0.00469207763671875, -0.0230560302734375, 0.01168060302734375, 0.007518768310546875, 0.0120849609375, -0.005157470703125] -1 NA NA
training_52 [-0.034423828125, 0.031402587890625, -0.018646240234375, -6.562471389770508e-05, 0.024749755859375, -0.03668212890625] -1 NA NA
training_74 [-0.138916015625, 0.11077880859375, -0.09136962890625, -0.008148193359375, 0.0284881591796875, -0.0330810546875] -1 NA NA
testing_2 [-0.06085205078125, 0.032012939453125, -0.0255584716796875, -0.027099609375, 0.0318603515625, 0.00583648681640625] -1 NA NA
training_22 [-0.042449951171875, 0.034576416015625, -0.036407470703125, -0.031585693359375, 0.03424072265625, 0.0026035308837890625] -1 NA NA
training_86 [-0.0372314453125, 0.0249786376953125, 0.034149169921875, -0.061004638671875, 0.03204345703125, 0.006946563720703125] -1 NA NA
training_45 [-0.07257080078125, 0.046966552734375, -0.04180908203125, -0.0200042724609375, 0.0270233154296875, -0.00312042236328125] -1 NA NA
training_48 [-0.12005615234375, 0.08892822265625, -0.045013427734375, -0.10662841796875, 0.05633544921875, 0.054229736328125] -1 NA NA
training_10 [-0.0225372314453125, 0.0237274169921875, 0.01261138916015625, -0.024658203125, 0.0222930908203125, -0.01507568359375] -1 NA NA
training_25 [-0.042022705078125, 0.0295867919921875, -0.0750732421875, 0.044525146484375, 0.004100799560546875, -0.034912109375] -1 NA NA
training_6 [-0.03094482421875, 0.0286865234375, 0.027801513671875, -0.03973388671875, 0.0250701904296875, -0.0194091796875] -1 NA NA
training_19 [-0.093017578125, 0.0667724609375, -0.06939697265625, -0.06158447265625, 0.0533447265625, 0.0250701904296875] -1 NA NA
training_12 [-0.068115234375, 0.055084228515625, 0.04522705078125, -0.07470703125, 0.04351806640625, -0.006877899169921875] -1 NA NA
training_40 [-0.07379150390625, 0.0265655517578125, -0.00666046142578125, -0.058380126953125, 0.062408447265625, 0.0218353271484375] -1 NA NA
testing_25 [-0.063720703125, 0.05560302734375, -0.035247802734375, -0.034759521484375, 0.01459503173828125, 0.01117706298828125] -1 NA NA
training_54 [-0.029510498046875, 0.0325927734375, 0.00936126708984375, -0.035400390625, 0.01416015625, -0.0025844573974609375] -1 NA NA
training_13 [-0.0673828125, 0.041168212890625, 0.05926513671875, -0.093017578125, 0.052398681640625, 0.0190582275390625] -1 NA NA
testing_5 [-0.291259765625, 0.1375732421875, -0.2783203125, -0.07867431640625, 0.214111328125, 0.0228729248046875] 4 NA NA
training_35 [-0.1539306640625, 0.1680908203125, -0.169921875, -0.053955078125, 0.025787353515625, 0.01100921630859375] 1 NA NA
training_64 [-0.05059814453125, 0.029296875, -0.041473388671875, 0.023223876953125, 0.023712158203125, -0.042816162109375] 4 NA NA
training_5 [-0.06817626953125, 0.0946044921875, -0.02764892578125, -0.0170745849609375, -0.0144195556640625, -0.0361328125] 1 NA NA
video_39 [-0.1658935546875, 0.0469970703125, -0.273193359375, 0.0092620849609375, -0.016632080078125, 0.196533203125] 5 NA NA
training_77 [-0.1396484375, 0.1239013671875, -0.14111328125, 0.00937652587890625, 0.020416259765625, -0.03155517578125] 1 NA NA
training_4 [-0.07550048828125, 0.09375, -0.07470703125, -0.0206451416015625, -0.007686614990234375, -0.0009937286376953125] 1 NA NA
training_67 [-0.2125244140625, 0.1771240234375, -0.2042236328125, 0.004047393798828125, -0.00045037269592285156, 0.00817108154296875] 1 NA NA
Burglary070_x264 [-0.2337646484375, 0.1112060546875, -0.483642578125, 0.38134765625, -0.0390625, -0.1600341796875] 0 NA NA
video_38 [-0.12091064453125, 0.0261688232421875, -0.156005859375, 0.0088348388671875, 0.01181793212890625, 0.10455322265625] 5 NA NA
training_73 [-0.254638671875, 0.200439453125, -0.350830078125, -0.00986480712890625, 0.09210205078125, 0.0159759521484375] 1 NA NA
e4be41c8-2723-4c53-b392-fac1bc393d59_combined [-0.11346435546875, 0.0472412109375, -0.148193359375, 0.06353759765625, 0.106201171875, -0.09820556640625] 4 NA NA
e8c61a8a-9f16-4646-af05-25aaa8010d6f_combined [-0.176513671875, 0.1444091796875, -0.2607421875, 0.1739501953125, 0.0301055908203125, -0.18408203125] 4 NA NA
video_3 [-0.1031494140625, 0.043365478515625, -0.11981201171875, 0.0170440673828125, -0.03643798828125, 0.0892333984375] 5 NA NA
42c2228f-e3c5-43e4-823b-5dfab62212d6_combined [-0.14990234375, 0.07391357421875, -0.19482421875, 0.1048583984375, 0.049896240234375, -0.08319091796875] 3 NA NA
Stealing055_x264 [-0.1510009765625, 0.06878662109375, -0.269287109375, 0.25634765625, -0.0772705078125, -0.09259033203125] 3 NA NA
41e4be35-2d1d-4c9d-b528-69e65dfac026_combined [-0.07244873046875, 0.04376220703125, -0.1114501953125, 0.05572509765625, 0.042938232421875, -0.06341552734375] 4 NA NA
testing_15 [-0.152099609375, 0.017974853515625, 0.25634765625, -0.0416259765625, -0.0186309814453125, -0.0611572265625] 2 NA NA
training_66 [-0.17236328125, 0.05413818359375, 0.004032135009765625, -0.09814453125, 0.07672119140625, 0.051666259765625] 5 NA NA
Fighting023_x264 [-0.1815185546875, 0.10809326171875, -0.2435302734375, 0.1295166015625, 0.007419586181640625, -0.065185546875] 1 NA NA
training_105 [-0.1810302734375, 0.090576171875, -0.2381591796875, 0.05975341796875, 0.07666015625, -0.033477783203125] 4 NA NA
training_36 [-0.0257568359375, 0.0149688720703125, -0.00594329833984375, -0.0019159317016601562, 0.0250091552734375, -0.026031494140625] -1 NA NA
training_24 [-0.05181884765625, 0.04736328125, -0.023101806640625, -0.0251007080078125, 0.0284881591796875, -0.0209197998046875] -1 NA NA
training_16 [-0.037078857421875, 0.0215606689453125, -0.01551055908203125, -0.00345611572265625, 0.027099609375, -0.019744873046875] -1 NA NA
testing_2 [-0.06817626953125, 0.0706787109375, -0.05767822265625, -0.0011348724365234375, 0.018310546875, -0.04071044921875] -1 NA NA
training_22 [-0.0308990478515625, 0.0269775390625, -0.0245513916015625, 0.023345947265625, 0.016510009765625, -0.04876708984375] -1 NA NA
training_8 [-0.03900146484375, 0.022003173828125, -0.014404296875, -0.0215301513671875, 0.03741455078125, -0.0082855224609375] -1 NA NA
training_68 [-0.1678466796875, 0.09857177734375, -0.1923828125, 0.08343505859375, 0.046173095703125, -0.0787353515625] -1 NA NA
testing_21 [-0.0251617431640625, 0.0155181884765625, 0.0022640228271484375, 0.005657196044921875, 0.0175933837890625, -0.034759521484375] -1 NA NA
training_43 [-0.0771484375, 0.053466796875, -0.06072998046875, -0.005382537841796875, 0.0169830322265625, -0.00431060791015625] -1 NA NA
training_38 [-0.03314208984375, 0.0186004638671875, -0.020172119140625, 0.00047707557678222656, 0.0189056396484375, -0.01416778564453125] -1 NA NA
training_4 [-0.0294952392578125, 0.023773193359375, -0.021484375, -0.0269927978515625, 0.040863037109375, -0.0070037841796875] -1 NA NA
testing_14 [-0.0258026123046875, 0.016998291015625, -0.0098114013671875, -0.0027008056640625, 0.01812744140625, -0.0195465087890625] -1 NA NA
testing_7 [-0.0726318359375, 0.048675537109375, -0.0830078125, 0.027191162109375, 0.016326904296875, -0.021209716796875] -1 NA NA
training_25 [-0.045806884765625, 0.03973388671875, -0.004375457763671875, -0.0204925537109375, 0.031982421875, -0.0374755859375] -1 NA NA
training_13 [-0.01544189453125, 0.0094451904296875, -0.0024509429931640625, -0.00133514404296875, 0.025054931640625, -0.025665283203125] -1 NA NA
training_17 [-0.0384521484375, 0.01293182373046875, -0.030059814453125, -0.0031757354736328125, 0.007732391357421875, 0.0222320556640625] -1 NA NA
training_33 [-0.042510986328125, 0.0030956268310546875, -0.05853271484375, 0.00659942626953125, 0.0191497802734375, 0.034271240234375] -1 NA NA
training_59 [-0.17919921875, 0.09161376953125, -0.1671142578125, -0.07220458984375, 0.1275634765625, 0.038604736328125] -1 NA NA
training_43 [-0.0265960693359375, -0.01216888427734375, -0.031646728515625, -0.0035228729248046875, 0.006237030029296875, 0.054351806640625] -1 NA NA
testing_3 [-0.038055419921875, 0.01371002197265625, -0.006465911865234375, -0.0321044921875, 0.0086669921875, 0.03729248046875] -1 NA NA
training_41 [-0.03857421875, 0.01119232177734375, -0.066162109375, 0.029815673828125, -0.0247039794921875, 0.044647216796875] -1 NA NA
testing_17 [-0.030975341796875, -0.01175689697265625, -0.028839111328125, 0.0033550262451171875, 0.0210418701171875, 0.0305938720703125] -1 NA NA
testing_10 [-0.0261383056640625, -0.01331329345703125, -0.052459716796875, 0.01285552978515625, 0.014862060546875, 0.035980224609375] -1 NA NA
testing_6 [-0.01153564453125, -0.00150299072265625, -0.00493621826171875, 0.0114288330078125, -0.01435089111328125, 0.0225067138671875] -1 NA NA
training_51 [-0.040924072265625, -0.0110626220703125, -0.0218048095703125, -0.0116119384765625, 0.0311737060546875, 0.03839111328125] -1 NA NA
training_46 [-0.05108642578125, 0.00276947021484375, -0.0870361328125, 0.01204681396484375, 0.01641845703125, 0.056121826171875] -1 NA NA
testing_11 [-0.0277557373046875, -0.006664276123046875, -0.057342529296875, 0.01551055908203125, 0.020538330078125, 0.0266876220703125] -1 NA NA
training_74 [-0.01010894775390625, 0.0001964569091796875, -0.00843048095703125, 0.0164947509765625, -0.00624847412109375, 0.00171661376953125] -1 NA NA
training_76 [-0.057647705078125, 0.0266265869140625, -0.051116943359375, 0.0187530517578125, -0.003856658935546875, 0.01409149169921875] -1 NA NA
training_55 [-0.0312042236328125, -0.00994873046875, -0.038543701171875, 0.00901031494140625, 0.0210113525390625, 0.0283050537109375] -1 NA NA
testing_1 [-0.136962890625, 0.05810546875, -0.1434326171875, 0.0087890625, 0.035125732421875, 0.0418701171875] -1 NA NA
training_43 [-0.12298583984375, 0.046722412109375, -0.129638671875, 0.01242828369140625, 0.061279296875, 0.009490966796875] -1 NA NA
training_54 [-0.06488037109375, 0.03338623046875, -0.06658935546875, 0.017913818359375, 0.027008056640625, -0.027435302734375] -1 NA NA
training_28 [-0.1571044921875, 0.037689208984375, -0.151123046875, -0.048370361328125, 0.2115478515625, -0.026763916015625] -1 NA NA
testing_11 [-0.09283447265625, 0.0262908935546875, -0.092041015625, -0.039337158203125, 0.0906982421875, 0.032745361328125] -1 NA NA
training_31 [-0.01296234130859375, 0.0158538818359375, -0.01261138916015625, 0.005290985107421875, -0.0012464523315429688, -0.00252532958984375] -1 NA NA
training_58 [-0.09564208984375, 0.045745849609375, -0.126220703125, 0.043701171875, 0.037567138671875, -0.029632568359375] -1 NA NA
testing_3 [-0.051361083984375, 0.0208740234375, -0.06121826171875, 0.0036525726318359375, 0.04351806640625, -0.0119476318359375] -1 NA NA
testing_14 [-0.060791015625, 0.04052734375, -0.06494140625, 0.016754150390625, 0.0162353515625, -0.03094482421875] -1 NA NA
training_38 [-0.051025390625, 0.02716064453125, -0.052459716796875, -0.0016965866088867188, 0.031890869140625, -0.01256561279296875] -1 NA NA
training_14 [-0.10540771484375, 0.056732177734375, -0.1220703125, 0.014251708984375, 0.0347900390625, 0.00672149658203125] -1 NA NA
training_15 [-0.113525390625, 0.06024169921875, -0.11553955078125, -0.01114654541015625, 0.052398681640625, 0.01580810546875] -1 NA NA
training_73 [-0.08404541015625, 0.019439697265625, -0.11199951171875, -0.0014133453369140625, 0.08074951171875, 0.004337310791015625] -1 NA NA
training_32 [-0.0246124267578125, 0.0164642333984375, -0.0406494140625, 0.00838470458984375, 0.004268646240234375, 0.0116424560546875] -1 NA NA
training_6 [-0.06591796875, 0.0548095703125, -0.0477294921875, -0.01300811767578125, 0.0020580291748046875, 0.0039520263671875] -1 NA NA
testing_1 [-0.02862548828125, -0.0018472671508789062, -0.02813720703125, -0.0037326812744140625, 0.022613525390625, 0.0128173828125] -1 NA NA
training_71 [-0.0328369140625, 0.0234832763671875, -0.01904296875, -0.0168304443359375, 0.0237274169921875, -0.00902557373046875] -1 NA NA
training_12 [-0.018310546875, 0.013427734375, -0.00762939453125, 0.0164947509765625, -0.00034999847412109375, -0.0292205810546875] -1 NA NA
training_31 [-0.01528167724609375, -0.0029163360595703125, -0.01085662841796875, 0.0162506103515625, -0.004695892333984375, 0.0006570816040039062] -1 NA NA
testing_27 [-0.0307769775390625, 0.0009365081787109375, 0.005512237548828125, -0.0082550048828125, 0.020843505859375, -0.0015659332275390625] -1 NA NA
training_69 [-0.134765625, 0.0694580078125, -0.143798828125, -0.004459381103515625, 0.048828125, 0.024627685546875] -1 NA NA
testing_32 [-0.031768798828125, 0.01351165771484375, -0.00864410400390625, -0.035614013671875, 0.033172607421875, 0.0104217529296875] -1 NA NA
testing_29 [-0.00786590576171875, -0.0003647804260253906, -0.0037097930908203125, 0.034759521484375, -0.0019445419311523438, -0.034820556640625] -1 NA NA
testing_26 [-0.0019311904907226562, -0.012237548828125, -0.01666259765625, -0.0009512901306152344, 0.020050048828125, 0.00421142578125] -1 NA NA
training_7 [-0.0330810546875, -0.006198883056640625, -0.00836181640625, -0.004497528076171875, 0.033111572265625, 0.0002694129943847656] -1 NA NA
training_4 [-0.0254669189453125, 0.005496978759765625, -0.0186920166015625, 0.0089569091796875, 0.01568603515625, -0.01348876953125] -1 NA NA
training_17 [-0.0225982666015625, 0.01039886474609375, 0.00038242340087890625, 0.0034503936767578125, 0.0030765533447265625, -0.01433563232421875] -1 NA NA
training_5 [-0.031585693359375, 0.01012420654296875, -0.02374267578125, 0.00040411949157714844, 0.0225982666015625, -0.01210784912109375] -1 NA NA
testing_13 [-0.043914794921875, 0.024322509765625, -0.0107879638671875, 0.0145263671875, 0.016693115234375, -0.028900146484375] -1 NA NA
training_34 [-0.0093841552734375, -0.012542724609375, -0.00037384033203125, 0.011322021484375, 0.00933837890625, -0.007663726806640625] -1 NA NA
testing_30 [-0.09625244140625, 0.058563232421875, -0.033355712890625, -0.0556640625, 0.0570068359375, 0.00795745849609375] -1 NA NA
training_91 [-0.11328125, 0.03173828125, -0.067626953125, -0.053436279296875, 0.052398681640625, 0.0758056640625] -1 NA NA
training_21 [-0.0360107421875, 0.0411376953125, 0.0013799667358398438, -0.032073974609375, 0.01045989990234375, -0.0111541748046875] -1 NA NA
training_31 [-0.10797119140625, 0.10113525390625, -0.09930419921875, -0.06494140625, 0.07012939453125, -0.00795745849609375] -1 NA NA
training_73 [-0.050384521484375, 0.020355224609375, 0.0029010772705078125, -0.0565185546875, 0.046051025390625, 0.0224151611328125] -1 NA NA
training_27 [-0.0953369140625, 0.03594970703125, -0.04364013671875, -0.0970458984375, 0.107666015625, 0.05096435546875] -1 NA NA
training_23 [-0.035125732421875, 0.029510498046875, -0.020751953125, -0.0230560302734375, 0.0252532958984375, -0.006298065185546875] -1 NA NA
training_11 [-0.0194244384765625, 0.0229339599609375, 0.0362548828125, -0.032684326171875, 0.0168304443359375, -0.0128021240234375] -1 NA NA
testing_24 [-0.0264739990234375, 0.01861572265625, 0.0269927978515625, -0.051300048828125, 0.0240631103515625, 0.01378631591796875] -1 NA NA
testing_17 [-0.06768798828125, 0.07611083984375, -0.033447265625, -0.0714111328125, 0.03240966796875, 0.02197265625] -1 NA NA
training_3 [-0.0295867919921875, 0.019622802734375, -0.0136871337890625, -0.0110626220703125, 0.0143585205078125, -0.0016536712646484375] -1 NA NA
training_2 [-0.03179931640625, 0.02178955078125, 0.0218505859375, -0.039581298828125, 0.025177001953125, -0.001079559326171875] -1 NA NA
testing_23 [-0.12274169921875, 0.0897216796875, -0.08984375, -0.07440185546875, 0.0557861328125, 0.034027099609375] -1 NA NA
training_71 [-0.11676025390625, 0.08880615234375, -0.109375, -0.0538330078125, 0.05255126953125, 0.0311737060546875] -1 NA NA
testing_11 [-0.08563232421875, 0.034759521484375, -0.041839599609375, -0.035858154296875, 0.053863525390625, 0.01959228515625] -1 NA NA
training_87 [-0.1893310546875, 0.1474609375, -0.324462890625, 0.0191192626953125, 0.0177154541015625, 0.06121826171875] 5 NA NA
training_52 [-0.1202392578125, 0.1356201171875, -0.07916259765625, -0.01366424560546875, 0.0106964111328125, -0.0518798828125] 1 NA NA
8fb81715-2ca5-4e50-8327-dcd4f4a286a9_combined [-0.17236328125, 0.0487060546875, -0.1622314453125, 0.04742431640625, 0.08245849609375, -0.03314208984375] 4 NA NA
training_47 [-0.1748046875, 0.1318359375, -0.13037109375, -0.07122802734375, 0.0380859375, 0.0555419921875] 1 NA NA
Abuse008_x264 [-0.15673828125, 0.09326171875, -0.2305908203125, 0.15087890625, -0.024932861328125, -0.060791015625] 1 NA NA
Fighting032_x264 [-0.1376953125, 0.08880615234375, -0.212890625, 0.1705322265625, -0.0269317626953125, -0.102294921875] 1 NA NA
testing_5 [-0.0843505859375, 0.1552734375, -0.06976318359375, -0.044921875, -0.01641845703125, -0.049835205078125] 1 NA NA
Burglary008_x264 [-0.132080078125, 0.07684326171875, -0.3037109375, 0.17041015625, -0.0635986328125, 0.00725555419921875] 0 NA NA
training_29 [-0.1158447265625, 0.0499267578125, -0.120849609375, -0.029571533203125, 0.1290283203125, -0.02801513671875] 4 NA NA
training_65 [-0.328857421875, 0.10870361328125, -0.107421875, -0.123046875, 0.126708984375, 0.1153564453125] 5 NA NA
Robbery056_x264 [-0.2117919921875, 0.1456298828125, -0.329833984375, 0.312744140625, -0.08758544921875, -0.1751708984375] 3 NA NA
testing_2 [-0.1771240234375, 0.10382080078125, -0.273681640625, 0.0947265625, 0.0732421875, -0.06060791015625] 5 NA NA
Burglary031_x264 [-0.121826171875, 0.0543212890625, -0.246826171875, 0.2135009765625, -0.0645751953125, -0.055206298828125] 0 NA NA
training_60 [-0.10711669921875, 0.05841064453125, -0.06842041015625, -0.043060302734375, 0.06011962890625, 0.00960540771484375] 4 NA NA
training_93 [-0.130126953125, 0.043365478515625, -0.1444091796875, 0.00962066650390625, 0.1307373046875, -0.049407958984375] 4 NA NA
481cf802-6eec-4011-81bc-70d8b7cc769b_combined [-0.27294921875, 0.1473388671875, -0.468994140625, 0.257568359375, 0.135498046875, -0.2186279296875] 4 NA NA
e4c50c54-6c6b-42ae-a873-1c7443536372 [-0.1409912109375, 0.087890625, -0.1932373046875, 0.1083984375, 0.0634765625, -0.12646484375] 3 NA NA
training_81 [-0.10028076171875, 0.08038330078125, -0.09735107421875, -0.00762176513671875, 0.024383544921875, -0.002559661865234375] 1 NA NA
training_56 [-0.08575439453125, 0.0380859375, -0.0872802734375, -0.0117340087890625, 0.0498046875, 0.0178375244140625] 5 NA NA
training_130 [-0.1817626953125, 0.091796875, -0.1873779296875, -0.02239990234375, 0.1419677734375, -0.0309295654296875] 4 NA NA
training_16 [-0.027801513671875, 0.019378662109375, -0.013671875, 0.00708770751953125, 0.019927978515625, -0.033447265625] 1 NA NA
training_142 [-0.31201171875, 0.1590576171875, -0.41064453125, 0.055206298828125, 0.2138671875, -0.08160400390625] 4 NA NA
training_70 [-0.101318359375, 0.018951416015625, 0.184814453125, -0.027862548828125, -0.01837158203125, -0.055694580078125] 2 NA NA
Stealing071_x264 [-0.10247802734375, 0.0833740234375, -0.178466796875, 0.10357666015625, 0.045654296875, -0.11883544921875] 3 NA NA
Abuse044_x264 [-0.0888671875, 0.053985595703125, -0.0765380859375, -0.0111083984375, 0.00678253173828125, 0.0249176025390625] 1 NA NA
Robbery003_x264 [-0.09527587890625, 0.032379150390625, -0.139892578125, 0.1790771484375, -0.0379638671875, -0.093505859375] 3 NA NA
training_55 [-0.180419921875, 0.11492919921875, -0.134765625, -0.06396484375, 0.07879638671875, 0.0264892578125] 5 NA NA
training_2 [-0.0760498046875, 0.0987548828125, -0.041717529296875, -0.0106353759765625, -0.01544952392578125, -0.0350341796875] 1 NA NA
Stealing069_x264 [-0.1236572265625, 0.0782470703125, -0.2255859375, 0.16015625, 0.051513671875, -0.14892578125] 3 NA NA
Assault028_x264 [-0.1416015625, 0.122314453125, -0.212890625, 0.1077880859375, 0.027740478515625, -0.11529541015625] 1 NA NA
Shoplifting029_x264 [-0.1680908203125, 0.07794189453125, -0.237548828125, 0.206787109375, -0.0340576171875, -0.0911865234375] 3 NA NA
4059b615-970a-4184-8dfd-ef37f15b283f_combined [-0.089111328125, 0.06719970703125, -0.1624755859375, 0.0977783203125, 0.04052734375, -0.1048583984375] 4 NA NA
Stealing037_x264 [-0.185791015625, 0.15771484375, -0.279296875, 0.1568603515625, -0.037322998046875, -0.09954833984375] 3 NA NA
Robbery006_x264 [-0.2149658203125, 0.11431884765625, -0.436767578125, 0.44287109375, -0.1400146484375, -0.178466796875] 3 NA NA
Stealing094_x264 [-0.1187744140625, 0.08660888671875, -0.178955078125, 0.10552978515625, 0.028717041015625, -0.0992431640625] 3 NA NA
386f7adb-b84c-44c1-acf6-9037ecb35714 [-0.1710205078125, 0.06976318359375, -0.29736328125, 0.273193359375, -0.0192413330078125, -0.1484375] 3 NA NA
Burglary066_x264 [-0.09185791015625, 0.051116943359375, -0.210693359375, 0.1583251953125, 0.0201263427734375, -0.10894775390625] 0 NA NA
training_40 [-0.172607421875, 0.09136962890625, -0.179931640625, -0.033294677734375, 0.08447265625, 0.0377197265625] 5 NA NA
training_68 [-0.312255859375, 0.169189453125, -0.265380859375, -0.134521484375, 0.19580078125, 0.08563232421875] 5 NA NA
Abuse025_x264 [-0.11224365234375, 0.09130859375, -0.17822265625, 0.0972900390625, -0.03387451171875, -0.041412353515625] 1 NA NA
training_87 [-0.1307373046875, 0.142578125, -0.1412353515625, -0.0577392578125, 0.01006317138671875, 0.0185546875] 1 NA NA
cd3dc746-1293-45e1-ac03-d7e1a97760f4_combined [-0.205078125, 0.1405029296875, -0.271484375, 0.160400390625, 0.026092529296875, -0.135498046875] 4 NA NA
Burglary012_x264 [-0.1319580078125, 0.109130859375, -0.267578125, 0.1531982421875, -0.0703125, -0.030364990234375] 0 NA NA
Burglary009_x264 [-0.2318115234375, 0.151611328125, -0.488525390625, 0.284912109375, -0.0682373046875, -0.07513427734375] 0 NA NA
testing_25 [-0.07666015625, 0.10302734375, -0.0428466796875, -0.0210113525390625, -0.00847625732421875, -0.032928466796875] 1 NA NA
training_93 [-0.1495361328125, 0.09356689453125, -0.13330078125, -0.034027099609375, 0.056060791015625, 0.0297088623046875] 1 NA NA
Burglary077_x264 [-0.1600341796875, 0.09466552734375, -0.266357421875, 0.2427978515625, -0.06439208984375, -0.1131591796875] 0 NA NA
testing_23 [-0.26806640625, 0.12548828125, -0.16259765625, -0.0943603515625, 0.16845703125, 0.0204925537109375] 4 NA NA
Burglary089_x264 [-0.1451416015625, 0.10498046875, -0.32861328125, 0.1634521484375, -0.00034427642822265625, -0.06427001953125] 0 NA NA
training_53 [-0.06268310546875, 0.0287628173828125, -0.07861328125, -0.003421783447265625, 0.02587890625, 0.0205230712890625] 5 NA NA
testing_9 [-0.1636962890625, 0.163330078125, -0.209716796875, 0.0278778076171875, 0.038177490234375, -0.064453125] 1 NA NA
training_54 [-0.11395263671875, 0.18896484375, -0.1558837890625, 0.01422882080078125, -0.0260772705078125, -0.0875244140625] 1 NA NA
f7be13d4-852b-4a0d-86e8-45b913465090_combined [-0.1229248046875, 0.078369140625, -0.1961669921875, 0.09326171875, 0.0794677734375, -0.1136474609375] 3 NA NA
training_95 [-0.1455078125, 0.0160369873046875, -0.103759765625, -0.05487060546875, 0.1893310546875, -0.01003265380859375] 4 NA NA
Fighting036_x264 [-0.2288818359375, 0.159423828125, -0.309326171875, 0.13037109375, 0.03167724609375, -0.0936279296875] 1 NA NA
testing_8 [-0.142822265625, 0.02783203125, 0.2294921875, -0.040924072265625, -0.02813720703125, -0.051483154296875] 2 NA NA
training_72 [-0.1484375, 0.0576171875, -0.1373291015625, -0.0186767578125, 0.156494140625, -0.054046630859375] 4 NA NA
Burglary072_x264 [-0.2110595703125, 0.1383056640625, -0.37841796875, 0.212646484375, 0.01560211181640625, -0.1163330078125] 0 NA NA
training_196 [-0.306640625, 0.1646728515625, -0.339599609375, -0.00432586669921875, 0.181884765625, -0.02301025390625] 4 NA NA
testing_8 [-0.26513671875, 0.1173095703125, -0.275390625, -0.041534423828125, 0.2413330078125, -0.04327392578125] 4 NA NA
Burglary048_x264 [-0.1351318359375, 0.081787109375, -0.23388671875, 0.0992431640625, 0.007740020751953125, -0.025634765625] 0 NA NA
Assault023_x264 [-0.252685546875, 0.1864013671875, -0.406982421875, 0.1710205078125, 0.062255859375, -0.13134765625] 1 NA NA
17dc7d04-4430-4534-8ed4-38f8d9cc9ae9_combined [-0.10052490234375, 0.0672607421875, -0.159912109375, 0.137939453125, 0.01143646240234375, -0.12200927734375] 4 NA NA
training_17 [-0.205322265625, 0.162109375, -0.251953125, 0.01397705078125, 0.0975341796875, -0.0628662109375] 4 NA NA
training_91 [-0.23876953125, 0.1151123046875, -0.2489013671875, -0.01296234130859375, 0.08038330078125, 0.0667724609375] 5 NA NA
testing_15 [-0.08416748046875, 0.11041259765625, -0.050933837890625, -0.027252197265625, -0.004482269287109375, -0.0294952392578125] 1 NA NA
testing_7 [-0.2176513671875, 0.08612060546875, -0.1624755859375, -0.07806396484375, 0.10125732421875, 0.087890625] 5 NA NA
training_3 [-0.165283203125, 0.046844482421875, 0.1307373046875, -0.0374755859375, 0.0023403167724609375, -0.0307769775390625] 2 NA NA
Stealing054_x264 [-0.029754638671875, 0.0200958251953125, -0.039886474609375, 0.0635986328125, -0.00830841064453125, -0.05767822265625] 3 NA NA
f3be952f-7a3e-429c-bb25-5b0f8c8ac916_combined [-0.2254638671875, 0.07110595703125, -0.445556640625, 0.43310546875, -0.044952392578125, -0.1995849609375] 4 NA NA
training_9 [-0.09930419921875, 0.1112060546875, -0.056427001953125, -0.0114593505859375, 0.0003924369812011719, -0.040496826171875] 1 NA NA
testing_10 [-0.1304931640625, 0.0311279296875, 0.1964111328125, -0.037261962890625, -0.0169677734375, -0.052520751953125] 2 NA NA
training_56 [-0.09735107421875, 0.01136016845703125, 0.139404296875, -0.01812744140625, -0.003543853759765625, -0.0316162109375] 2 NA NA
training_4 [-0.1556396484375, 0.036834716796875, 0.1912841796875, -0.034698486328125, -0.023345947265625, -0.044097900390625] 2 NA NA
training_61 [-0.133056640625, 0.0289459228515625, 0.2113037109375, -0.026275634765625, -0.0350341796875, -0.0574951171875] 2 NA NA
Robbery089_x264 [-0.1600341796875, 0.133544921875, -0.239990234375, 0.1656494140625, -0.034881591796875, -0.11004638671875] 3 NA NA
training_36 [-0.03375244140625, 0.039276123046875, -0.01071929931640625, -0.02508544921875, -0.00193023681640625, 0.00118255615234375] 1 NA NA
fdacbba7-db40-4582-92ad-c3710db32e3f_combined [-0.1468505859375, 0.032196044921875, -0.390380859375, 0.405029296875, -0.06768798828125, -0.1744384765625] 3 NA NA
Assault046_x264 [-0.18408203125, 0.138671875, -0.306640625, 0.2203369140625, -0.026641845703125, -0.150390625] 1 NA NA
testing_31 [-0.1485595703125, 0.060943603515625, -0.116943359375, -0.09033203125, 0.12744140625, 0.05657958984375] 4 NA NA
fb33df3f-e915-4806-b4d2-bbd816695713_combined [-0.2098388671875, 0.08392333984375, -0.2197265625, 0.09844970703125, 0.1220703125, -0.1263427734375] 4 NA NA
Shoplifting012_x264 [-0.14013671875, 0.0672607421875, -0.15087890625, 0.144287109375, -0.07464599609375, -0.031951904296875] 3 NA NA
training_36 [-0.231689453125, 0.105224609375, -0.30712890625, -0.028961181640625, 0.176025390625, 0.02386474609375] 4 NA NA
testing_11 [-0.1663818359375, 0.2347412109375, -0.2139892578125, 0.00445556640625, 0.004093170166015625, -0.10064697265625] 1 NA NA
testing_9 [-0.08782958984375, 0.04461669921875, -0.0748291015625, -0.03466796875, 0.016448974609375, 0.05859375] 5 NA NA
Robbery114_x264 [-0.11956787109375, 0.102294921875, -0.2110595703125, 0.162841796875, -0.041778564453125, -0.0999755859375] 3 NA NA
training_59 [-0.060577392578125, 0.10931396484375, -0.0244598388671875, -0.033966064453125, -0.0084228515625, -0.0504150390625] 1 NA NA
e6d436cd-be3c-4ba6-892b-86a695eeb591 [-0.1163330078125, 0.0738525390625, -0.1634521484375, 0.09002685546875, 0.053680419921875, -0.10504150390625] 3 NA NA
Burglary022_x264 [-0.042022705078125, 0.054046630859375, -0.10748291015625, 0.048065185546875, 0.00296783447265625, -0.044525146484375] 0 NA NA
Robbery079_x264 [-0.186767578125, 0.1038818359375, -0.260009765625, 0.251708984375, -0.04779052734375, -0.1470947265625] 3 NA NA
Shoplifting028_x264 [-0.2025146484375, 0.11065673828125, -0.2252197265625, 0.188720703125, -0.0064239501953125, -0.1268310546875] 3 NA NA
Shoplifting017_x264 [-0.2470703125, 0.12890625, -0.52880859375, 0.490234375, -0.12298583984375, -0.197021484375] 3 NA NA
training_19 [-0.07501220703125, 0.0943603515625, -0.06390380859375, -0.0213165283203125, -0.01125335693359375, -0.0037441253662109375] 1 NA NA
training_98 [-0.3349609375, 0.159912109375, -0.322998046875, -0.1424560546875, 0.2548828125, 0.09442138671875] 4 NA NA
testing_14 [-0.306884765625, 0.2052001953125, -0.27880859375, -0.06915283203125, 0.07440185546875, 0.07574462890625] 5 NA NA
4191422d-81c6-456e-9a01-fa5d7b796de8_combined [-0.1268310546875, 0.09368896484375, -0.2325439453125, 0.1329345703125, 0.052825927734375, -0.134521484375] 3 NA NA
testing_16 [-0.11883544921875, 0.052581787109375, -0.09619140625, -0.056640625, 0.0386962890625, 0.09185791015625] 5 NA NA
training_45 [-0.0482177734375, 0.0252532958984375, -0.046630859375, 0.0205535888671875, 0.0228424072265625, -0.03326416015625] 1 NA NA
testing_10 [-0.06781005859375, 0.09698486328125, -0.031402587890625, -0.0151214599609375, -0.0113677978515625, -0.04315185546875] 1 NA NA
testing_34 [-0.06707763671875, 0.1666259765625, -0.0814208984375, -0.056365966796875, -0.03314208984375, -0.038055419921875] 1 NA NA
training_9 [-0.06854248046875, 0.10205078125, -0.029144287109375, -0.01580810546875, -0.0173492431640625, -0.043212890625] 1 NA NA
2c3f1c1f-3e8f-4e5b-b388-21b7acb3b914_combined [-0.0989990234375, 0.0043182373046875, -0.160400390625, 0.06719970703125, 0.08026123046875, -0.0328369140625] 4 NA NA
training_5 [-0.140869140625, 0.1080322265625, -0.1785888671875, 0.01275634765625, 0.044036865234375, -0.021209716796875] 1 NA NA
Assault006_x264 [-0.1820068359375, 0.1376953125, -0.296142578125, 0.173583984375, -0.07843017578125, -0.048309326171875] 1 NA NA
training_34 [-0.3251953125, 0.2015380859375, -0.382080078125, -0.033905029296875, 0.196533203125, -0.00978851318359375] 4 NA NA
training_60 [-0.191162109375, 0.08917236328125, -0.1239013671875, -0.04071044921875, 0.036590576171875, 0.07318115234375] 5 NA NA
training_14 [-0.279541015625, 0.12261962890625, -0.26318359375, -0.08575439453125, 0.1759033203125, 0.08489990234375] 5 NA NA
Robbery118_x264 [-0.208251953125, 0.1263427734375, -0.40087890625, 0.322265625, -0.06719970703125, -0.1414794921875] 3 NA NA
training_96 [-0.16845703125, 0.1513671875, -0.1441650390625, -0.0164794921875, -0.00909423828125, 0.01374053955078125] 1 NA NA
training_7 [-0.10955810546875, 0.061492919921875, -0.133544921875, 0.00366973876953125, 0.0771484375, -0.023834228515625] 4 NA NA
f84dba8e-ce0f-4b77-8e97-c94aab3b4cc6_combined [-0.12939453125, 0.079833984375, -0.233154296875, 0.16552734375, 0.03009033203125, -0.1318359375] 4 NA NA
training_72 [-0.1416015625, 0.0303955078125, 0.1710205078125, -0.06756591796875, 0.007343292236328125, -0.0161895751953125] 2 NA NA
Robbery139_x264 [-0.08612060546875, 0.0347900390625, -0.11248779296875, 0.125244140625, -0.0182952880859375, -0.07275390625] 3 NA NA
Assault050_x264 [-0.1866455078125, 0.11749267578125, -0.27490234375, 0.255126953125, -0.08367919921875, -0.11749267578125] 1 NA NA
training_27 [-0.14208984375, 0.0330810546875, 0.19091796875, -0.045501708984375, -0.004604339599609375, -0.05010986328125] 2 NA NA
Assault052_x264 [-0.1845703125, 0.159912109375, -0.2320556640625, 0.10223388671875, 0.00167083740234375, -0.096435546875] 1 NA NA
training_55 [-0.08685302734375, 0.144287109375, -0.1142578125, 0.00733184814453125, -0.0190277099609375, -0.06597900390625] 1 NA NA
training_190 [-0.1619873046875, 0.09417724609375, -0.1593017578125, -0.0411376953125, 0.0963134765625, 0.01629638671875] 4 NA NA
training_33 [-0.0836181640625, 0.11492919921875, -0.058685302734375, -0.0009984970092773438, 0.0028629302978515625, -0.0709228515625] 1 NA NA
training_24 [-0.269287109375, 0.1629638671875, -0.2064208984375, -0.1318359375, 0.126708984375, 0.10321044921875] 4 NA NA
training_17 [-0.1453857421875, 0.1380615234375, -0.18212890625, 0.039306640625, -0.005229949951171875, -0.03204345703125] 1 NA NA
Robbery045_x264 [-0.2164306640625, 0.1297607421875, -0.41796875, 0.3544921875, -0.12127685546875, -0.11358642578125] 3 NA NA
training_47 [-0.07672119140625, 0.122802734375, -0.04339599609375, 0.006946563720703125, -0.0143585205078125, -0.0869140625] 1 NA NA
testing_16 [-0.0775146484375, 0.10296630859375, -0.044586181640625, -0.0251617431640625, -0.00490570068359375, -0.02960205078125] 1 NA NA
Robbery018_x264 [-0.2237548828125, 0.0777587890625, -0.35888671875, 0.417724609375, -0.11309814453125, -0.177978515625] 3 NA NA
Robbery028_x264 [-0.124755859375, 0.07452392578125, -0.280029296875, 0.258544921875, -0.0589599609375, -0.1268310546875] 3 NA NA
testing_1 [-0.137451171875, 0.0416259765625, 0.1810302734375, -0.039947509765625, -0.01226043701171875, -0.055267333984375] 2 NA NA
Abuse026_x264 [-0.202392578125, 0.130859375, -0.22607421875, 0.09375, 0.0220947265625, -0.06390380859375] 1 NA NA
training_82 [-0.1343994140625, 0.1484375, -0.1800537109375, -0.048065185546875, 0.050872802734375, -0.0027923583984375] 1 NA NA
training_72 [-0.1968994140625, 0.162353515625, -0.24169921875, 0.018707275390625, 0.055755615234375, -0.0289154052734375] 1 NA NA
testing_11 [-0.16552734375, 0.02471923828125, 0.23095703125, -0.04901123046875, -0.01146697998046875, -0.050201416015625] 2 NA NA
Fighting045_x264 [-0.1776123046875, 0.11322021484375, -0.2587890625, 0.1727294921875, 0.009246826171875, -0.12066650390625] 1 NA NA
training_47 [-0.1280517578125, 0.0181884765625, 0.20703125, -0.0218353271484375, -0.019256591796875, -0.065185546875] 2 NA NA
training_64 [-0.162841796875, 0.185302734375, -0.133544921875, -0.01088714599609375, 0.0087890625, -0.068359375] 1 NA NA
training_63 [-0.11383056640625, 0.0797119140625, -0.0936279296875, -0.026519775390625, 0.041259765625, 0.0081939697265625] 1 NA NA
Stealing036_x264 [-0.1265869140625, 0.07562255859375, -0.179931640625, 0.1693115234375, -0.018524169921875, -0.11614990234375] 3 NA NA
78c2f2ca-bb06-4878-9e7c-d3e84d0add6d_combined [-0.1875, 0.06365966796875, -0.295166015625, 0.1650390625, 0.0830078125, -0.1005859375] 4 NA NA
Burglary057_x264 [-0.07177734375, 0.0706787109375, -0.1778564453125, 0.15234375, -0.048980712890625, -0.08343505859375] 0 NA NA
a582bff9-d191-4184-a32d-0cfe28f13938_combined [-0.10821533203125, 0.055877685546875, -0.1715087890625, 0.1328125, 0.005397796630859375, -0.08599853515625] 4 NA NA
training_143 [-0.29296875, 0.2054443359375, -0.30322265625, -0.0283355712890625, 0.1346435546875, -0.034881591796875] 4 NA NA
Burglary088_x264 [-0.1412353515625, 0.1324462890625, -0.2393798828125, 0.144287109375, -0.004940032958984375, -0.12457275390625] 0 NA NA
Stealing107_x264 [-0.151611328125, 0.125732421875, -0.267822265625, 0.2374267578125, -0.06292724609375, -0.1507568359375] 3 NA NA
training_50 [-0.087890625, 0.12030029296875, -0.07171630859375, -0.01568603515625, 0.00539398193359375, -0.04669189453125] 1 NA NA
training_83 [-0.11883544921875, 0.0799560546875, -0.103515625, -0.01995849609375, 0.0438232421875, 0.00559234619140625] 1 NA NA
testing_7 [-0.06488037109375, 0.09716796875, -0.0230865478515625, -0.0179595947265625, -0.0161895751953125, -0.042022705078125] 1 NA NA
training_83 [-0.21923828125, 0.1678466796875, -0.2010498046875, 0.01163482666015625, 0.0255126953125, -0.025146484375] 5 NA NA
Stealing106_x264 [-0.1597900390625, 0.12091064453125, -0.319580078125, 0.228515625, 0.0138092041015625, -0.1741943359375] 3 NA NA
training_149 [-0.205322265625, 0.10040283203125, -0.244140625, 0.01514434814453125, 0.1719970703125, -0.07354736328125] 4 NA NA
training_15 [-0.1640625, 0.034637451171875, 0.2086181640625, -0.041778564453125, -0.0184783935546875, -0.04705810546875] 2 NA NA
Burglary046_x264 [-0.10302734375, 0.0997314453125, -0.164794921875, 0.1387939453125, -0.052398681640625, -0.0936279296875] 0 NA NA
training_68 [-0.183349609375, 0.10687255859375, -0.1448974609375, -0.11859130859375, 0.08221435546875, 0.11083984375] 1 NA NA
training_4 [-0.1298828125, 0.06396484375, -0.1278076171875, -0.0184783935546875, 0.072021484375, 0.00775909423828125] 4 NA NA
training_24 [-0.0845947265625, 0.157958984375, -0.136474609375, 0.037353515625, -0.057952880859375, -0.06622314453125] 1 NA NA
training_171 [-0.266357421875, 0.09881591796875, -0.262939453125, -0.05072021484375, 0.242919921875, -0.01251220703125] 4 NA NA
training_42 [-0.07769775390625, 0.07275390625, -0.11517333984375, 0.062103271484375, -0.03143310546875, -0.02655029296875] 1 NA NA
Robbery046_x264 [-0.1104736328125, 0.005840301513671875, -0.09735107421875, -0.007373809814453125, 0.0767822265625, 0.043212890625] 3 NA NA
training_17 [-0.1533203125, 0.1634521484375, -0.124267578125, -0.045074462890625, 0.0372314453125, -0.0330810546875] 1 NA NA
training_91 [-0.09783935546875, 0.04986572265625, -0.078369140625, -0.019195556640625, 0.037139892578125, 0.02001953125] 4 NA NA
training_107 [-0.12005615234375, 0.056640625, -0.1285400390625, 0.02587890625, 0.05438232421875, -0.022705078125] 4 NA NA
training_75 [-0.11163330078125, 0.065185546875, -0.109619140625, -0.0137786865234375, 0.0408935546875, 0.0159149169921875] 5 NA NA
testing_25 [-0.14990234375, 0.07769775390625, -0.040740966796875, -0.09649658203125, 0.035980224609375, 0.08172607421875] 1 NA NA
training_69 [-0.17529296875, 0.1519775390625, -0.1881103515625, 0.040374755859375, -0.0089111328125, -0.03582763671875] 1 NA NA
Stealing086_x264 [-0.145263671875, 0.083740234375, -0.283203125, 0.1849365234375, 0.062408447265625, -0.151611328125] 3 NA NA
training_99 [-0.1478271484375, 0.0869140625, -0.1396484375, 0.0013647079467773438, 0.05694580078125, -0.004627227783203125] 4 NA NA
training_103 [-0.2066650390625, 0.11669921875, -0.199462890625, -0.04595947265625, 0.025970458984375, 0.1190185546875] 5 NA NA
Robbery047_x264 [-0.0968017578125, 0.03521728515625, -0.1763916015625, 0.1929931640625, -0.028839111328125, -0.1038818359375] 3 NA NA
Assault009_x264 [-0.159423828125, 0.1024169921875, -0.266845703125, 0.170166015625, -0.03692626953125, -0.0684814453125] 1 NA NA
b030aef1-ae5b-4706-85bb-f98e5ea3442f_combined [-0.2117919921875, 0.133544921875, -0.260009765625, 0.1087646484375, 0.087646484375, -0.134033203125] 4 NA NA
Stealing070_x264 [-0.146484375, 0.110595703125, -0.2447509765625, 0.1396484375, 0.05853271484375, -0.1502685546875] 3 NA NA
Fighting022_x264 [-0.05230712890625, 0.056121826171875, -0.04339599609375, 0.0288543701171875, -0.0220947265625, -0.03131103515625] 1 NA NA
Robbery062_x264 [-0.1658935546875, 0.09002685546875, -0.320556640625, 0.2734375, -0.06988525390625, -0.110595703125] 3 NA NA
training_74 [-0.095947265625, 0.164794921875, -0.09228515625, -0.0399169921875, -0.0175628662109375, -0.044830322265625] 1 NA NA
training_79 [-0.044830322265625, 0.1068115234375, -0.0565185546875, 0.0096588134765625, -0.034698486328125, -0.06396484375] 1 NA NA
Assault030_x264 [-0.1513671875, 0.1295166015625, -0.2498779296875, 0.158935546875, -0.0175628662109375, -0.11724853515625] 1 NA NA
testing_3 [-0.06939697265625, 0.096923828125, -0.0277099609375, -0.0163116455078125, -0.0130615234375, -0.0396728515625] 1 NA NA
testing_32 [-0.1026611328125, 0.1072998046875, -0.05328369140625, -0.00519561767578125, 0.00353240966796875, -0.0469970703125] 1 NA NA
training_56 [-0.07733154296875, 0.104736328125, -0.043548583984375, -0.0206451416015625, -0.00952911376953125, -0.0333251953125] 1 NA NA
testing_5 [-0.058837890625, 0.08660888671875, -0.0330810546875, -0.005146026611328125, -0.0126190185546875, -0.0447998046875] 1 NA NA
training_147 [-0.228759765625, 0.10296630859375, -0.14892578125, -0.04449462890625, 0.173095703125, -0.057830810546875] 4 NA NA
training_90 [-0.1087646484375, 0.1817626953125, -0.115234375, -0.04449462890625, -0.014373779296875, -0.048675537109375] 1 NA NA
training_37 [-0.08447265625, 0.10003662109375, -0.09295654296875, 0.01018524169921875, -0.0170135498046875, -0.0263824462890625] 1 NA NA
training_76 [-0.1055908203125, 0.1470947265625, -0.09442138671875, -0.0251312255859375, -0.0016202926635742188, -0.0474853515625] 1 NA NA
training_74 [-0.11602783203125, 0.09149169921875, -0.10906982421875, 0.0022830963134765625, 0.00669097900390625, 0.005466461181640625] 1 NA NA
training_24 [-0.07733154296875, 0.10186767578125, -0.03302001953125, -0.032012939453125, -0.006946563720703125, -0.0258941650390625] 1 NA NA
training_151 [-0.1636962890625, 0.056915283203125, -0.1822509765625, -0.053253173828125, 0.19921875, -0.0207977294921875] 4 NA NA
training_63 [-0.1507568359375, 0.2269287109375, -0.1995849609375, -0.040679931640625, -0.0196380615234375, -0.02667236328125] 1 NA NA
training_10 [-0.184326171875, 0.103271484375, -0.19140625, -0.02044677734375, 0.05255126953125, 0.06939697265625] 5 NA NA
training_66 [-0.154052734375, 0.03900146484375, -0.12646484375, -0.031097412109375, 0.1334228515625, 0.00739288330078125] 4 NA NA
training_2 [-0.1781005859375, 0.132568359375, -0.142578125, -0.038116455078125, 0.00142669677734375, 0.078369140625] 5 NA NA
Shoplifting048_x264 [-0.128662109375, 0.048370361328125, -0.147216796875, 0.175048828125, -0.051666259765625, -0.07562255859375] 3 NA NA
training_82 [-0.251708984375, 0.2276611328125, -0.2626953125, -0.0176544189453125, 0.01678466796875, 0.01143646240234375] 1 NA NA
video_15 [-0.08892822265625, 0.034149169921875, -0.11004638671875, 0.0338134765625, -0.059051513671875, 0.08746337890625] 5 NA NA
video_18 [-0.09991455078125, 0.041778564453125, -0.156982421875, 0.048187255859375, -0.018798828125, 0.058013916015625] 5 NA NA
video_44 [-0.12841796875, 0.0297393798828125, -0.21826171875, 0.011932373046875, -0.0267181396484375, 0.172607421875] 5 NA NA
video_10 [-0.136962890625, 0.046905517578125, -0.12213134765625, -0.03607177734375, -0.007480621337890625, 0.1380615234375] 5 NA NA
video_9 [-0.106201171875, 0.05029296875, -0.1024169921875, 0.00801849365234375, -0.0267486572265625, 0.0693359375] 5 NA NA
video_42 [-0.123291015625, 0.0309295654296875, -0.1522216796875, 0.0071563720703125, 0.02789306640625, 0.0823974609375] 5 NA NA
video_48 [-0.1910400390625, 0.040618896484375, -0.298095703125, 0.0129241943359375, 0.0002262592315673828, 0.216796875] 5 NA NA
video_56 [-0.10955810546875, 0.049468994140625, -0.1553955078125, 0.003170013427734375, -0.012542724609375, 0.0980224609375] 5 NA NA
video_41 [-0.12139892578125, 0.042755126953125, -0.1767578125, 0.0027313232421875, 0.0005426406860351562, 0.11224365234375] 5 NA NA
training_56 [-0.073974609375, 0.07379150390625, -0.054656982421875, -0.03863525390625, 0.04412841796875, -0.0216827392578125] -1 NA NA
training_10 [-0.047821044921875, 0.03668212890625, -0.03009033203125, -0.0153350830078125, 0.03759765625, -0.0213775634765625] -1 NA NA
testing_11 [-0.0283203125, 0.03277587890625, 0.0033168792724609375, -0.01403045654296875, 0.017425537109375, -0.034637451171875] -1 NA NA
training_64 [-0.030426025390625, 0.0158538818359375, -0.0240936279296875, 0.00946044921875, 0.0194854736328125, -0.01654052734375] -1 NA NA
training_54 [-0.0308837890625, 0.0235595703125, -0.00556182861328125, -0.0006470680236816406, 0.017425537109375, -0.0267333984375] -1 NA NA
testing_13 [-0.037841796875, 0.0212249755859375, -0.01849365234375, -0.00934600830078125, 0.0299224853515625, -0.0137786865234375] -1 NA NA
testing_22 [-0.086669921875, 0.11260986328125, -0.055511474609375, -0.0218963623046875, -0.003482818603515625, -0.042266845703125] -1 NA NA
training_41 [-0.0286712646484375, 0.02435302734375, -0.0140228271484375, -0.000400543212890625, 0.0210113525390625, -0.027801513671875] -1 NA NA
training_9 [-0.033416748046875, 0.0269317626953125, -0.0309295654296875, -0.0018310546875, 0.02581787109375, -0.0208740234375] -1 NA NA
testing_19 [-0.038726806640625, 0.029541015625, -0.03619384765625, -0.02215576171875, 0.035980224609375, 0.000789642333984375] -1 NA NA
testing_24 [-0.035430908203125, 0.0298004150390625, -0.03564453125, -0.0118255615234375, 0.025177001953125, -0.007343292236328125] -1 NA NA
training_57 [-0.05548095703125, 0.0399169921875, -0.0307159423828125, -0.018707275390625, 0.049896240234375, -0.030670166015625] -1 NA NA
training_49 [-0.039306640625, 0.04571533203125, -0.055511474609375, 0.01508331298828125, 0.007373809814453125, -0.034515380859375] -1 NA NA
training_11 [-0.027862548828125, 0.0238189697265625, -0.00885772705078125, -0.0015878677368164062, 0.0191650390625, -0.02581787109375] -1 NA NA
training_12 [-0.04644775390625, 0.044189453125, -0.06427001953125, -0.0245819091796875, 0.03448486328125, 0.00925445556640625] -1 NA NA
training_42 [-0.0279998779296875, -0.0036449432373046875, -0.01087188720703125, -0.00899505615234375, 0.0025787353515625, 0.04010009765625] -1 NA NA
training_60 [-0.03851318359375, 0.0038204193115234375, -0.033660888671875, -0.006381988525390625, 0.0049285888671875, 0.046356201171875] -1 NA NA
training_68 [-0.036285400390625, -0.01091766357421875, -0.06298828125, 0.017242431640625, 0.04669189453125, 0.014068603515625] -1 NA NA
training_69 [-0.0099334716796875, -0.0007739067077636719, -0.0002028942108154297, -0.0207672119140625, -0.001552581787109375, 0.035797119140625] -1 NA NA
training_29 [-0.0435791015625, -0.0021266937255859375, -0.06414794921875, -0.00811767578125, 0.026824951171875, 0.057891845703125] -1 NA NA
testing_13 [-0.0709228515625, 0.007251739501953125, -0.114990234375, -0.007843017578125, 0.05096435546875, 0.06573486328125] -1 NA NA
training_75 [-0.027801513671875, -0.00638580322265625, -0.031646728515625, 0.006473541259765625, 0.01206207275390625, 0.0291290283203125] -1 NA NA
training_57 [0.0035953521728515625, -0.018646240234375, 0.01016998291015625, 0.00811004638671875, -0.01800537109375, 0.0323486328125] -1 NA NA
training_63 [-0.01385498046875, -0.01027679443359375, -0.03375244140625, -0.00614166259765625, 0.007404327392578125, 0.045684814453125] -1 NA NA
training_28 [-0.0223388671875, -0.00995635986328125, -0.0550537109375, 0.007282257080078125, 0.01540374755859375, 0.042327880859375] -1 NA NA
training_9 [-0.04150390625, 0.0157470703125, -0.01189422607421875, -0.03369140625, 0.01039886474609375, 0.040252685546875] -1 NA NA
training_20 [-0.0266571044921875, 0.00615692138671875, -0.0265655517578125, -0.00768280029296875, 0.0007295608520507812, 0.0377197265625] -1 NA NA
testing_8 [-0.013397216796875, -0.006023406982421875, -0.0279388427734375, 0.01155853271484375, 0.0035305023193359375, 0.0198211669921875] -1 NA NA
training_32 [-0.038055419921875, 0.00016939640045166016, -0.06298828125, 0.0186767578125, 0.02044677734375, 0.02325439453125] -1 NA NA
testing_20 [-0.054412841796875, 0.01873779296875, -0.03533935546875, -0.0095062255859375, -0.01227569580078125, 0.062042236328125] -1 NA NA
training_65 [-0.043853759765625, 0.049041748046875, -0.051788330078125, 0.004062652587890625, 0.002826690673828125, -0.0193023681640625] -1 NA NA
testing_4 [-0.00859832763671875, 0.00482940673828125, -0.0167083740234375, -0.01464080810546875, 0.0223541259765625, 0.0032444000244140625] -1 NA NA
training_61 [-0.09893798828125, 0.043975830078125, -0.10601806640625, 0.045440673828125, 0.0132904052734375, -0.01468658447265625] -1 NA NA
training_37 [-0.049224853515625, 0.024658203125, -0.051910400390625, 0.004764556884765625, 0.0234832763671875, -0.00910186767578125] -1 NA NA
testing_26 [-0.116943359375, 0.032806396484375, -0.12103271484375, 0.00098419189453125, 0.0723876953125, 0.01367950439453125] -1 NA NA
training_5 [-0.060394287109375, 0.0582275390625, -0.0367431640625, -0.0191650390625, 0.01250457763671875, -0.01470184326171875] -1 NA NA
training_9 [-0.05877685546875, 0.052642822265625, -0.04705810546875, 0.000896453857421875, -0.003387451171875, -0.0027484893798828125] -1 NA NA
training_20 [-0.05938720703125, 0.031494140625, -0.08013916015625, 0.007015228271484375, 0.043060302734375, -0.0196533203125] -1 NA NA
testing_17 [-0.06536865234375, 0.0269317626953125, -0.11712646484375, -0.01459503173828125, 0.07012939453125, 0.0226898193359375] -1 NA NA
training_18 [-0.095458984375, 0.05535888671875, -0.12225341796875, -0.0107574462890625, 0.05908203125, -0.00743865966796875] -1 NA NA
training_50 [-0.0638427734375, 0.0462646484375, -0.1185302734375, 0.03314208984375, 0.0257415771484375, -0.02056884765625] -1 NA NA
training_55 [-0.08538818359375, 0.0439453125, -0.09912109375, 0.024932861328125, 0.0300445556640625, -0.0193023681640625] -1 NA NA
training_25 [-0.0716552734375, 0.035125732421875, -0.08343505859375, -0.0025653839111328125, 0.053619384765625, -0.0084381103515625] -1 NA NA
testing_12 [-0.0731201171875, 0.05279541015625, -0.089111328125, -0.048370361328125, 0.058868408203125, 0.0275421142578125] -1 NA NA
training_69 [-0.151123046875, 0.06182861328125, -0.1651611328125, 0.020965576171875, 0.06689453125, -0.00150299072265625] -1 NA NA
training_13 [-0.0219268798828125, -0.027801513671875, 0.00438690185546875, -0.0011701583862304688, 0.041839599609375, 0.0004992485046386719] -1 NA NA
training_30 [-0.0160980224609375, 0.00461578369140625, -0.0110626220703125, 0.020599365234375, -0.005535125732421875, -0.014617919921875] -1 NA NA
testing_4 [-0.0164642333984375, -0.01042938232421875, 0.0027980804443359375, -0.0013704299926757812, 0.0180816650390625, 0.002147674560546875] -1 NA NA
training_33 [0.004772186279296875, -0.038360595703125, 0.03582763671875, -0.0191497802734375, 0.0142974853515625, 0.0186614990234375] -1 NA NA
training_47 [0.000850677490234375, -0.0232696533203125, 0.0178985595703125, -0.017303466796875, 0.01531219482421875, 0.0201873779296875] -1 NA NA
training_74 [-0.04534912109375, 0.0145721435546875, -0.009246826171875, -0.00177001953125, 0.0184173583984375, -0.0111083984375] -1 NA NA
testing_25 [-0.06292724609375, 0.05804443359375, -0.0596923828125, -0.0010824203491210938, 0.02752685546875, -0.034942626953125] -1 NA NA
testing_18 [-0.0184478759765625, -0.0007023811340332031, -0.0121612548828125, 0.00888824462890625, 0.01031494140625, -0.0081329345703125] -1 NA NA
training_40 [-0.034912109375, 0.01122283935546875, -0.0196685791015625, -0.03680419921875, 0.0433349609375, 0.011749267578125] -1 NA NA
training_65 [-0.00531768798828125, 0.0050811767578125, 0.0257110595703125, -0.0080413818359375, 0.003345489501953125, -0.0176544189453125] -1 NA NA
training_64 [-0.01235198974609375, 0.005046844482421875, 0.011383056640625, -0.00870513916015625, 0.0181884765625, -0.0178680419921875] -1 NA NA
training_9 [-0.026214599609375, 0.01099395751953125, -0.0350341796875, -0.0052490234375, 0.01190948486328125, 0.006237030029296875] -1 NA NA
training_42 [-0.044525146484375, 0.0273284912109375, -0.060333251953125, 0.00980377197265625, 0.04681396484375, -0.040130615234375] -1 NA NA
training_62 [-0.00469207763671875, -0.0230560302734375, 0.01168060302734375, 0.007518768310546875, 0.0120849609375, -0.005157470703125] -1 NA NA
training_52 [-0.034423828125, 0.031402587890625, -0.018646240234375, -6.788969039916992e-05, 0.024749755859375, -0.03668212890625] -1 NA NA
training_74 [-0.138916015625, 0.1107177734375, -0.09136962890625, -0.008148193359375, 0.0284881591796875, -0.033050537109375] -1 NA NA
testing_2 [-0.06085205078125, 0.032012939453125, -0.0255584716796875, -0.027099609375, 0.0318603515625, 0.00583648681640625] -1 NA NA
training_22 [-0.042449951171875, 0.034576416015625, -0.036407470703125, -0.031585693359375, 0.034210205078125, 0.0025997161865234375] -1 NA NA
training_86 [-0.0372314453125, 0.02496337890625, 0.034149169921875, -0.061004638671875, 0.03204345703125, 0.00696563720703125] -1 NA NA
training_45 [-0.07257080078125, 0.046966552734375, -0.04180908203125, -0.02001953125, 0.027008056640625, -0.0031185150146484375] -1 NA NA
training_48 [-0.12005615234375, 0.0889892578125, -0.045013427734375, -0.106689453125, 0.056365966796875, 0.054229736328125] -1 NA NA
training_10 [-0.02252197265625, 0.0237274169921875, 0.0126190185546875, -0.024658203125, 0.0222930908203125, -0.01507568359375] -1 NA NA
training_25 [-0.042022705078125, 0.0295867919921875, -0.0750732421875, 0.044525146484375, 0.00411224365234375, -0.034881591796875] -1 NA NA
training_6 [-0.03094482421875, 0.0287017822265625, 0.0277862548828125, -0.03973388671875, 0.0250701904296875, -0.0194091796875] -1 NA NA
training_19 [-0.093017578125, 0.0667724609375, -0.06939697265625, -0.06158447265625, 0.0533447265625, 0.0250701904296875] -1 NA NA
training_12 [-0.068115234375, 0.05511474609375, 0.04522705078125, -0.07470703125, 0.043487548828125, -0.006893157958984375] -1 NA NA
training_40 [-0.07379150390625, 0.0265655517578125, -0.00666046142578125, -0.058380126953125, 0.062408447265625, 0.0218353271484375] -1 NA NA
testing_25 [-0.063720703125, 0.055633544921875, -0.035247802734375, -0.034759521484375, 0.01458740234375, 0.01117706298828125] -1 NA NA
training_54 [-0.029510498046875, 0.0325927734375, 0.009368896484375, -0.035400390625, 0.01416015625, -0.0026035308837890625] -1 NA NA
training_13 [-0.0673828125, 0.041168212890625, 0.05926513671875, -0.09295654296875, 0.052398681640625, 0.0190582275390625] -1 NA NA
testing_5 [-0.291259765625, 0.1375732421875, -0.2783203125, -0.07867431640625, 0.214111328125, 0.0228729248046875] 4 NA NA
training_35 [-0.1539306640625, 0.1680908203125, -0.169921875, -0.053955078125, 0.025787353515625, 0.01100921630859375] 1 NA NA
training_64 [-0.05059814453125, 0.029296875, -0.041473388671875, 0.023223876953125, 0.023712158203125, -0.042816162109375] 4 NA NA
training_5 [-0.06817626953125, 0.0946044921875, -0.02764892578125, -0.0170745849609375, -0.0144195556640625, -0.0361328125] 1 NA NA
video_39 [-0.1658935546875, 0.0469970703125, -0.273193359375, 0.00928497314453125, -0.0166473388671875, 0.196533203125] 5 NA NA
training_77 [-0.1396484375, 0.1239013671875, -0.14111328125, 0.0093841552734375, 0.0204010009765625, -0.03155517578125] 1 NA NA
training_4 [-0.07550048828125, 0.09375, -0.07470703125, -0.0206451416015625, -0.007686614990234375, -0.0009937286376953125] 1 NA NA
training_67 [-0.2125244140625, 0.1771240234375, -0.2042236328125, 0.00405120849609375, -0.0004482269287109375, 0.008148193359375] 1 NA NA
Burglary070_x264 [-0.2337646484375, 0.1112060546875, -0.483642578125, 0.38134765625, -0.0390625, -0.1600341796875] 0 NA NA
video_38 [-0.12091064453125, 0.0261688232421875, -0.156005859375, 0.0088348388671875, 0.01181793212890625, 0.10455322265625] 5 NA NA
training_73 [-0.254638671875, 0.200439453125, -0.350830078125, -0.009857177734375, 0.09210205078125, 0.015960693359375] 1 NA NA
e4be41c8-2723-4c53-b392-fac1bc393d59_combined [-0.11346435546875, 0.0472412109375, -0.148193359375, 0.06353759765625, 0.106201171875, -0.09820556640625] 4 NA NA
e8c61a8a-9f16-4646-af05-25aaa8010d6f_combined [-0.176513671875, 0.1444091796875, -0.2607421875, 0.1739501953125, 0.0301055908203125, -0.18408203125] 4 NA NA
video_3 [-0.1031494140625, 0.043365478515625, -0.11981201171875, 0.0170440673828125, -0.03643798828125, 0.0892333984375] 5 NA NA
42c2228f-e3c5-43e4-823b-5dfab62212d6_combined [-0.14990234375, 0.07391357421875, -0.19482421875, 0.1048583984375, 0.04986572265625, -0.08319091796875] 3 NA NA
Stealing055_x264 [-0.1510009765625, 0.06878662109375, -0.269287109375, 0.25634765625, -0.0772705078125, -0.09259033203125] 3 NA NA
41e4be35-2d1d-4c9d-b528-69e65dfac026_combined [-0.07244873046875, 0.04376220703125, -0.1114501953125, 0.05572509765625, 0.042938232421875, -0.06341552734375] 4 NA NA
testing_15 [-0.152099609375, 0.017974853515625, 0.25634765625, -0.0416259765625, -0.018646240234375, -0.0611572265625] 2 NA NA
training_66 [-0.17236328125, 0.05413818359375, 0.004032135009765625, -0.09814453125, 0.07672119140625, 0.051666259765625] 5 NA NA
Fighting023_x264 [-0.1815185546875, 0.1080322265625, -0.2435302734375, 0.1295166015625, 0.0074310302734375, -0.065185546875] 1 NA NA
training_105 [-0.1810302734375, 0.090576171875, -0.2381591796875, 0.05975341796875, 0.07666015625, -0.033477783203125] 4 NA NA
training_36 [-0.0257568359375, 0.0149688720703125, -0.005954742431640625, -0.0019063949584960938, 0.0250091552734375, -0.026031494140625] -1 NA NA
training_24 [-0.05181884765625, 0.04736328125, -0.0230865478515625, -0.025115966796875, 0.0284881591796875, -0.0209197998046875] -1 NA NA
training_16 [-0.037078857421875, 0.0215606689453125, -0.0155181884765625, -0.003452301025390625, 0.027099609375, -0.019744873046875] -1 NA NA
testing_2 [-0.068115234375, 0.0706787109375, -0.057708740234375, -0.0011501312255859375, 0.0183258056640625, -0.040679931640625] -1 NA NA
training_22 [-0.0308837890625, 0.0269775390625, -0.0245361328125, 0.023345947265625, 0.016510009765625, -0.04876708984375] -1 NA NA
training_8 [-0.03900146484375, 0.022003173828125, -0.014404296875, -0.0215301513671875, 0.03741455078125, -0.0082855224609375] -1 NA NA
training_68 [-0.1678466796875, 0.09857177734375, -0.1923828125, 0.08343505859375, 0.046173095703125, -0.0787353515625] -1 NA NA
testing_21 [-0.0251617431640625, 0.0155181884765625, 0.00226593017578125, 0.005649566650390625, 0.017608642578125, -0.034759521484375] -1 NA NA
training_43 [-0.0771484375, 0.053466796875, -0.060699462890625, -0.005390167236328125, 0.0169830322265625, -0.004299163818359375] -1 NA NA
training_38 [-0.03314208984375, 0.0186004638671875, -0.020172119140625, 0.00047707557678222656, 0.0189056396484375, -0.01416778564453125] -1 NA NA
training_4 [-0.0294952392578125, 0.023773193359375, -0.021484375, -0.0269927978515625, 0.040863037109375, -0.006999969482421875] -1 NA NA
testing_14 [-0.0257720947265625, 0.016998291015625, -0.0097808837890625, -0.0027027130126953125, 0.0181121826171875, -0.019561767578125] -1 NA NA
testing_7 [-0.0726318359375, 0.048675537109375, -0.0830078125, 0.027191162109375, 0.016326904296875, -0.021209716796875] -1 NA NA
training_25 [-0.045806884765625, 0.03973388671875, -0.004375457763671875, -0.0204925537109375, 0.031982421875, -0.0374755859375] -1 NA NA
training_13 [-0.01544189453125, 0.00943756103515625, -0.00243377685546875, -0.0013370513916015625, 0.0250396728515625, -0.0256500244140625] -1 NA NA
training_17 [-0.0384521484375, 0.01293182373046875, -0.030059814453125, -0.0031719207763671875, 0.007732391357421875, 0.0222320556640625] -1 NA NA
training_33 [-0.042510986328125, 0.003093719482421875, -0.058502197265625, 0.006603240966796875, 0.0191497802734375, 0.034271240234375] -1 NA NA
training_59 [-0.17919921875, 0.09161376953125, -0.1671142578125, -0.07220458984375, 0.1275634765625, 0.038604736328125] -1 NA NA
training_43 [-0.026580810546875, -0.01218414306640625, -0.0316162109375, -0.0035400390625, 0.00626373291015625, 0.054351806640625] -1 NA NA
testing_3 [-0.038055419921875, 0.01371002197265625, -0.006465911865234375, -0.0321044921875, 0.0086669921875, 0.03729248046875] -1 NA NA
training_41 [-0.03857421875, 0.011199951171875, -0.066162109375, 0.029815673828125, -0.0247039794921875, 0.04461669921875] -1 NA NA
testing_17 [-0.0309600830078125, -0.01175689697265625, -0.028839111328125, 0.0033626556396484375, 0.0210418701171875, 0.0305938720703125] -1 NA NA
testing_10 [-0.0261383056640625, -0.01331329345703125, -0.052459716796875, 0.01285552978515625, 0.014862060546875, 0.035980224609375] -1 NA NA
testing_6 [-0.01152801513671875, -0.0015096664428710938, -0.0049285888671875, 0.01142120361328125, -0.01435089111328125, 0.0225067138671875] -1 NA NA
training_51 [-0.040924072265625, -0.0110626220703125, -0.0218048095703125, -0.0116119384765625, 0.0311737060546875, 0.03839111328125] -1 NA NA
training_46 [-0.05108642578125, 0.00276947021484375, -0.0870361328125, 0.01204681396484375, 0.01641845703125, 0.056121826171875] -1 NA NA
testing_11 [-0.0277557373046875, -0.006664276123046875, -0.057342529296875, 0.01551055908203125, 0.020538330078125, 0.0266876220703125] -1 NA NA
training_74 [-0.01009368896484375, 0.0001823902130126953, -0.0084228515625, 0.016510009765625, -0.00624847412109375, 0.0017185211181640625] -1 NA NA
training_76 [-0.057647705078125, 0.0266265869140625, -0.051116943359375, 0.0187530517578125, -0.003856658935546875, 0.01409149169921875] -1 NA NA
training_55 [-0.0312042236328125, -0.0099334716796875, -0.038543701171875, 0.0089874267578125, 0.0210113525390625, 0.0283050537109375] -1 NA NA
testing_1 [-0.136962890625, 0.05810546875, -0.1434326171875, 0.0087738037109375, 0.035125732421875, 0.0418701171875] -1 NA NA
training_43 [-0.12298583984375, 0.046722412109375, -0.129638671875, 0.01244354248046875, 0.061248779296875, 0.00951385498046875] -1 NA NA
training_54 [-0.06488037109375, 0.03338623046875, -0.06658935546875, 0.0178985595703125, 0.027008056640625, -0.027435302734375] -1 NA NA
training_28 [-0.1571044921875, 0.037689208984375, -0.151123046875, -0.048370361328125, 0.2115478515625, -0.026763916015625] -1 NA NA
testing_11 [-0.09283447265625, 0.0262908935546875, -0.092041015625, -0.039337158203125, 0.0906982421875, 0.032745361328125] -1 NA NA
training_31 [-0.0129852294921875, 0.015869140625, -0.01263427734375, 0.00530242919921875, -0.0012350082397460938, -0.00254058837890625] -1 NA NA
training_58 [-0.09564208984375, 0.045745849609375, -0.126220703125, 0.043701171875, 0.037567138671875, -0.029632568359375] -1 NA NA
testing_3 [-0.051361083984375, 0.0208740234375, -0.061187744140625, 0.003627777099609375, 0.04351806640625, -0.011932373046875] -1 NA NA
testing_14 [-0.060760498046875, 0.040496826171875, -0.06488037109375, 0.0167388916015625, 0.0162200927734375, -0.030914306640625] -1 NA NA
training_38 [-0.051025390625, 0.02716064453125, -0.052459716796875, -0.001697540283203125, 0.031890869140625, -0.01256561279296875] -1 NA NA
training_14 [-0.10546875, 0.056732177734375, -0.1220703125, 0.01425933837890625, 0.0347900390625, 0.00672149658203125] -1 NA NA
training_15 [-0.113525390625, 0.06024169921875, -0.11553955078125, -0.01114654541015625, 0.052398681640625, 0.01580810546875] -1 NA NA
training_73 [-0.083984375, 0.0194244384765625, -0.1119384765625, -0.0014295578002929688, 0.08074951171875, 0.0043487548828125] -1 NA NA
training_32 [-0.024627685546875, 0.0164947509765625, -0.040679931640625, 0.008392333984375, 0.004261016845703125, 0.01163482666015625] -1 NA NA
training_6 [-0.06591796875, 0.0548095703125, -0.0477294921875, -0.01300811767578125, 0.0020580291748046875, 0.0039520263671875] -1 NA NA
testing_1 [-0.02862548828125, -0.0018472671508789062, -0.02813720703125, -0.0037326812744140625, 0.022613525390625, 0.0128173828125] -1 NA NA
training_71 [-0.0328369140625, 0.023468017578125, -0.0190582275390625, -0.0168304443359375, 0.0237274169921875, -0.0090179443359375] -1 NA NA
training_12 [-0.018310546875, 0.013427734375, -0.00762939453125, 0.0164794921875, -0.0003407001495361328, -0.02923583984375] -1 NA NA
training_31 [-0.01528167724609375, -0.0029163360595703125, -0.01085662841796875, 0.0162506103515625, -0.004695892333984375, 0.0006570816040039062] -1 NA NA
testing_27 [-0.0307769775390625, 0.0009427070617675781, 0.005523681640625, -0.00826263427734375, 0.0208282470703125, -0.001560211181640625] -1 NA NA
training_69 [-0.1348876953125, 0.0694580078125, -0.1439208984375, -0.00446319580078125, 0.048828125, 0.0246429443359375] -1 NA NA
testing_32 [-0.031768798828125, 0.01349639892578125, -0.00862884521484375, -0.035614013671875, 0.033172607421875, 0.0104522705078125] -1 NA NA
testing_29 [-0.0078582763671875, -0.0003592967987060547, -0.0037097930908203125, 0.0347900390625, -0.001953125, -0.034820556640625] -1 NA NA
testing_26 [-0.0019350051879882812, -0.01222991943359375, -0.0166473388671875, -0.0009469985961914062, 0.02001953125, 0.00420379638671875] -1 NA NA
training_7 [-0.0330810546875, -0.006214141845703125, -0.00836944580078125, -0.0045013427734375, 0.033111572265625, 0.000286102294921875] -1 NA NA
training_4 [-0.0254669189453125, 0.005496978759765625, -0.0186920166015625, 0.0089569091796875, 0.01568603515625, -0.01348876953125] -1 NA NA
training_17 [-0.022613525390625, 0.01039886474609375, 0.00037097930908203125, 0.0034542083740234375, 0.003078460693359375, -0.01433563232421875] -1 NA NA
training_5 [-0.031585693359375, 0.01012420654296875, -0.02374267578125, 0.00040411949157714844, 0.0225982666015625, -0.01210784912109375] -1 NA NA
testing_13 [-0.0439453125, 0.0243072509765625, -0.0107879638671875, 0.0145111083984375, 0.0167083740234375, -0.02886962890625] -1 NA NA
training_34 [-0.00939178466796875, -0.01253509521484375, -0.00035834312438964844, 0.01131439208984375, 0.00933074951171875, -0.007648468017578125] -1 NA NA
testing_30 [-0.09625244140625, 0.058563232421875, -0.033355712890625, -0.0556640625, 0.0570068359375, 0.007965087890625] -1 NA NA
training_91 [-0.11328125, 0.031768798828125, -0.067626953125, -0.053466796875, 0.052398681640625, 0.0758056640625] -1 NA NA
training_21 [-0.036041259765625, 0.0411376953125, 0.0013971328735351562, -0.032073974609375, 0.01045989990234375, -0.01116180419921875] -1 NA NA
training_31 [-0.10797119140625, 0.10113525390625, -0.09930419921875, -0.06494140625, 0.07012939453125, -0.00795745849609375] -1 NA NA
training_73 [-0.050384521484375, 0.020355224609375, 0.0029087066650390625, -0.0565185546875, 0.046051025390625, 0.0224151611328125] -1 NA NA
training_27 [-0.0953369140625, 0.03594970703125, -0.04364013671875, -0.0970458984375, 0.107666015625, 0.05096435546875] -1 NA NA
training_23 [-0.035125732421875, 0.029510498046875, -0.020751953125, -0.023040771484375, 0.0252532958984375, -0.006298065185546875] -1 NA NA
training_11 [-0.0194244384765625, 0.0229339599609375, 0.0362548828125, -0.032684326171875, 0.0168304443359375, -0.0128021240234375] -1 NA NA
testing_24 [-0.0264739990234375, 0.01861572265625, 0.0269927978515625, -0.051300048828125, 0.0240631103515625, 0.01378631591796875] -1 NA NA
testing_17 [-0.06768798828125, 0.07611083984375, -0.033447265625, -0.0714111328125, 0.03240966796875, 0.0219879150390625] -1 NA NA
training_3 [-0.0295867919921875, 0.019622802734375, -0.0136871337890625, -0.01105499267578125, 0.0143585205078125, -0.0016574859619140625] -1 NA NA
training_2 [-0.031768798828125, 0.02178955078125, 0.0218658447265625, -0.039581298828125, 0.025177001953125, -0.0010919570922851562] -1 NA NA
testing_23 [-0.122802734375, 0.0897216796875, -0.08984375, -0.07440185546875, 0.055816650390625, 0.03399658203125] -1 NA NA
training_71 [-0.11676025390625, 0.08880615234375, -0.109375, -0.053863525390625, 0.05255126953125, 0.03118896484375] -1 NA NA
testing_11 [-0.08563232421875, 0.034759521484375, -0.041839599609375, -0.035858154296875, 0.053863525390625, 0.01959228515625] -1 NA NA
training_87 [-0.1893310546875, 0.1474609375, -0.32421875, 0.0191192626953125, 0.0177001953125, 0.061187744140625] 5 NA NA
training_52 [-0.1202392578125, 0.1356201171875, -0.07916259765625, -0.01366424560546875, 0.0106964111328125, -0.0518798828125] 1 NA NA
8fb81715-2ca5-4e50-8327-dcd4f4a286a9_combined [-0.17236328125, 0.048736572265625, -0.1622314453125, 0.04742431640625, 0.08245849609375, -0.033172607421875] 4 NA NA
training_47 [-0.1748046875, 0.1318359375, -0.13037109375, -0.07122802734375, 0.0380859375, 0.0555419921875] 1 NA NA
Abuse008_x264 [-0.15673828125, 0.09332275390625, -0.2305908203125, 0.15087890625, -0.0249176025390625, -0.060791015625] 1 NA NA
Fighting032_x264 [-0.1376953125, 0.08880615234375, -0.212890625, 0.1705322265625, -0.0269317626953125, -0.102294921875] 1 NA NA
testing_5 [-0.0843505859375, 0.1552734375, -0.06976318359375, -0.044921875, -0.0164337158203125, -0.049835205078125] 1 NA NA
Burglary008_x264 [-0.132080078125, 0.07684326171875, -0.3037109375, 0.17041015625, -0.0635986328125, 0.007266998291015625] 0 NA NA
training_29 [-0.1158447265625, 0.049896240234375, -0.120849609375, -0.029571533203125, 0.1290283203125, -0.02801513671875] 4 NA NA
training_65 [-0.328857421875, 0.108642578125, -0.107421875, -0.123046875, 0.126708984375, 0.1153564453125] 5 NA NA
Robbery056_x264 [-0.2117919921875, 0.1455078125, -0.329833984375, 0.312744140625, -0.08758544921875, -0.1751708984375] 3 NA NA
testing_2 [-0.1771240234375, 0.10382080078125, -0.273681640625, 0.09466552734375, 0.07330322265625, -0.060638427734375] 5 NA NA
Burglary031_x264 [-0.121826171875, 0.0543212890625, -0.246826171875, 0.2135009765625, -0.0645751953125, -0.055206298828125] 0 NA NA
training_60 [-0.10711669921875, 0.05841064453125, -0.06842041015625, -0.043060302734375, 0.06011962890625, 0.00962066650390625] 4 NA NA
training_93 [-0.130126953125, 0.043365478515625, -0.1444091796875, 0.00962066650390625, 0.1307373046875, -0.049407958984375] 4 NA NA
481cf802-6eec-4011-81bc-70d8b7cc769b_combined [-0.27294921875, 0.1473388671875, -0.468994140625, 0.257568359375, 0.135498046875, -0.2186279296875] 4 NA NA
e4c50c54-6c6b-42ae-a873-1c7443536372 [-0.1409912109375, 0.087890625, -0.1932373046875, 0.1083984375, 0.0634765625, -0.12646484375] 3 NA NA
training_81 [-0.10028076171875, 0.08038330078125, -0.09735107421875, -0.007617950439453125, 0.024383544921875, -0.0025577545166015625] 1 NA NA
training_56 [-0.085693359375, 0.038055419921875, -0.0872802734375, -0.01172637939453125, 0.0498046875, 0.0178375244140625] 5 NA NA
training_130 [-0.1817626953125, 0.091796875, -0.187255859375, -0.0224151611328125, 0.1419677734375, -0.030914306640625] 4 NA NA
training_16 [-0.027801513671875, 0.019378662109375, -0.01366424560546875, 0.007068634033203125, 0.019927978515625, -0.033447265625] 1 NA NA
training_142 [-0.31201171875, 0.1590576171875, -0.41064453125, 0.055206298828125, 0.2138671875, -0.08160400390625] 4 NA NA
training_70 [-0.101318359375, 0.018951416015625, 0.184814453125, -0.027862548828125, -0.01837158203125, -0.055694580078125] 2 NA NA
Stealing071_x264 [-0.10247802734375, 0.0833740234375, -0.1783447265625, 0.10357666015625, 0.045654296875, -0.11883544921875] 3 NA NA
Abuse044_x264 [-0.0888671875, 0.053985595703125, -0.0765380859375, -0.01111602783203125, 0.006786346435546875, 0.024932861328125] 1 NA NA
Robbery003_x264 [-0.09527587890625, 0.032379150390625, -0.139892578125, 0.1790771484375, -0.0379638671875, -0.093505859375] 3 NA NA
training_55 [-0.180419921875, 0.11492919921875, -0.134765625, -0.06396484375, 0.07879638671875, 0.0264739990234375] 5 NA NA
training_2 [-0.0760498046875, 0.0987548828125, -0.041717529296875, -0.0106353759765625, -0.01544952392578125, -0.0350341796875] 1 NA NA
Stealing069_x264 [-0.1236572265625, 0.0782470703125, -0.2255859375, 0.16015625, 0.051513671875, -0.14892578125] 3 NA NA
Assault028_x264 [-0.1416015625, 0.122314453125, -0.212890625, 0.1077880859375, 0.027740478515625, -0.11529541015625] 1 NA NA
Shoplifting029_x264 [-0.1680908203125, 0.0780029296875, -0.237548828125, 0.206787109375, -0.0340576171875, -0.0911865234375] 3 NA NA
4059b615-970a-4184-8dfd-ef37f15b283f_combined [-0.089111328125, 0.06719970703125, -0.1624755859375, 0.0977783203125, 0.04052734375, -0.1048583984375] 4 NA NA
Stealing037_x264 [-0.1856689453125, 0.15771484375, -0.279296875, 0.1568603515625, -0.03729248046875, -0.09954833984375] 3 NA NA
Robbery006_x264 [-0.2149658203125, 0.11431884765625, -0.436767578125, 0.44287109375, -0.1400146484375, -0.178466796875] 3 NA NA
Stealing094_x264 [-0.1187744140625, 0.08660888671875, -0.178955078125, 0.10552978515625, 0.028717041015625, -0.0992431640625] 3 NA NA
386f7adb-b84c-44c1-acf6-9037ecb35714 [-0.1710205078125, 0.06976318359375, -0.29736328125, 0.273193359375, -0.0192413330078125, -0.1484375] 3 NA NA
Burglary066_x264 [-0.091796875, 0.05108642578125, -0.210693359375, 0.1583251953125, 0.0200958251953125, -0.10894775390625] 0 NA NA
training_40 [-0.172607421875, 0.09136962890625, -0.179931640625, -0.033294677734375, 0.08447265625, 0.0377197265625] 5 NA NA
training_68 [-0.312255859375, 0.169189453125, -0.265380859375, -0.134521484375, 0.19580078125, 0.08563232421875] 5 NA NA
Abuse025_x264 [-0.1121826171875, 0.09130859375, -0.17822265625, 0.0972900390625, -0.03387451171875, -0.04144287109375] 1 NA NA
training_87 [-0.1307373046875, 0.142578125, -0.1412353515625, -0.057769775390625, 0.0100555419921875, 0.018585205078125] 1 NA NA
cd3dc746-1293-45e1-ac03-d7e1a97760f4_combined [-0.205078125, 0.1405029296875, -0.271484375, 0.160400390625, 0.026092529296875, -0.135498046875] 4 NA NA
Burglary012_x264 [-0.1319580078125, 0.10906982421875, -0.267578125, 0.1531982421875, -0.0703125, -0.0303497314453125] 0 NA NA
Burglary009_x264 [-0.2318115234375, 0.151611328125, -0.488525390625, 0.284912109375, -0.0682373046875, -0.07513427734375] 0 NA NA
testing_25 [-0.07666015625, 0.10302734375, -0.042877197265625, -0.02099609375, -0.00847625732421875, -0.032928466796875] 1 NA NA
training_93 [-0.1495361328125, 0.09356689453125, -0.13330078125, -0.034027099609375, 0.0560302734375, 0.0297088623046875] 1 NA NA
Burglary077_x264 [-0.1600341796875, 0.09466552734375, -0.266357421875, 0.2427978515625, -0.06439208984375, -0.1131591796875] 0 NA NA
testing_23 [-0.26806640625, 0.12548828125, -0.1627197265625, -0.0943603515625, 0.16845703125, 0.0204925537109375] 4 NA NA
Burglary089_x264 [-0.1451416015625, 0.10504150390625, -0.32861328125, 0.1634521484375, -0.0003578662872314453, -0.06427001953125] 0 NA NA
training_53 [-0.06268310546875, 0.0287628173828125, -0.07861328125, -0.003421783447265625, 0.02587890625, 0.0205230712890625] 5 NA NA
testing_9 [-0.1636962890625, 0.163330078125, -0.209716796875, 0.0278778076171875, 0.038177490234375, -0.064453125] 1 NA NA
training_54 [-0.114013671875, 0.18896484375, -0.1558837890625, 0.01422882080078125, -0.0260772705078125, -0.0875244140625] 1 NA NA
f7be13d4-852b-4a0d-86e8-45b913465090_combined [-0.1229248046875, 0.078369140625, -0.1961669921875, 0.09326171875, 0.0794677734375, -0.1136474609375] 3 NA NA
training_95 [-0.1453857421875, 0.0160369873046875, -0.103759765625, -0.054840087890625, 0.1893310546875, -0.0100250244140625] 4 NA NA
Fighting036_x264 [-0.2288818359375, 0.159423828125, -0.309326171875, 0.13037109375, 0.03167724609375, -0.0936279296875] 1 NA NA
testing_8 [-0.142822265625, 0.0278167724609375, 0.2294921875, -0.040924072265625, -0.02813720703125, -0.051483154296875] 2 NA NA
training_72 [-0.1484375, 0.0576171875, -0.1373291015625, -0.0186767578125, 0.156494140625, -0.054046630859375] 4 NA NA
Burglary072_x264 [-0.2110595703125, 0.1383056640625, -0.37841796875, 0.212646484375, 0.01561737060546875, -0.1163330078125] 0 NA NA
training_196 [-0.306640625, 0.1646728515625, -0.339599609375, -0.00433349609375, 0.181884765625, -0.02301025390625] 4 NA NA
testing_8 [-0.26513671875, 0.1173095703125, -0.275390625, -0.04150390625, 0.2413330078125, -0.04327392578125] 4 NA NA
Burglary048_x264 [-0.1351318359375, 0.081787109375, -0.23388671875, 0.0992431640625, 0.007740020751953125, -0.025634765625] 0 NA NA
Assault023_x264 [-0.252685546875, 0.1864013671875, -0.406982421875, 0.1710205078125, 0.062255859375, -0.13134765625] 1 NA NA
17dc7d04-4430-4534-8ed4-38f8d9cc9ae9_combined [-0.10052490234375, 0.0672607421875, -0.159912109375, 0.137939453125, 0.01143646240234375, -0.12200927734375] 4 NA NA
training_17 [-0.205322265625, 0.162109375, -0.251953125, 0.01399993896484375, 0.0975341796875, -0.0628662109375] 4 NA NA
training_91 [-0.23876953125, 0.1151123046875, -0.2489013671875, -0.012969970703125, 0.08038330078125, 0.0667724609375] 5 NA NA
testing_15 [-0.0841064453125, 0.11041259765625, -0.050933837890625, -0.027252197265625, -0.0044708251953125, -0.02947998046875] 1 NA NA
testing_7 [-0.2176513671875, 0.08612060546875, -0.1624755859375, -0.07806396484375, 0.10125732421875, 0.087890625] 5 NA NA
training_3 [-0.165283203125, 0.046844482421875, 0.130859375, -0.0374755859375, 0.002338409423828125, -0.0307769775390625] 2 NA NA
Stealing054_x264 [-0.029754638671875, 0.0200958251953125, -0.039886474609375, 0.0635986328125, -0.00830841064453125, -0.05767822265625] 3 NA NA
f3be952f-7a3e-429c-bb25-5b0f8c8ac916_combined [-0.2254638671875, 0.07110595703125, -0.445556640625, 0.43310546875, -0.04498291015625, -0.1995849609375] 4 NA NA
training_9 [-0.09930419921875, 0.11114501953125, -0.056427001953125, -0.0114593505859375, 0.0003952980041503906, -0.040496826171875] 1 NA NA
testing_10 [-0.1304931640625, 0.0311431884765625, 0.1964111328125, -0.037261962890625, -0.0169677734375, -0.052520751953125] 2 NA NA
training_56 [-0.0972900390625, 0.0113677978515625, 0.139404296875, -0.0181427001953125, -0.00353240966796875, -0.031585693359375] 2 NA NA
training_4 [-0.15576171875, 0.036834716796875, 0.191162109375, -0.034698486328125, -0.023345947265625, -0.044097900390625] 2 NA NA
training_61 [-0.1329345703125, 0.0289306640625, 0.2113037109375, -0.026275634765625, -0.0350341796875, -0.0574951171875] 2 NA NA
Robbery089_x264 [-0.1600341796875, 0.133544921875, -0.239990234375, 0.1656494140625, -0.034881591796875, -0.11004638671875] 3 NA NA
training_36 [-0.03375244140625, 0.039276123046875, -0.0107269287109375, -0.02508544921875, -0.0019292831420898438, 0.001186370849609375] 1 NA NA
fdacbba7-db40-4582-92ad-c3710db32e3f_combined [-0.1468505859375, 0.0322265625, -0.390380859375, 0.405029296875, -0.06768798828125, -0.1744384765625] 3 NA NA
Assault046_x264 [-0.18408203125, 0.138671875, -0.306640625, 0.2203369140625, -0.0266265869140625, -0.150390625] 1 NA NA
testing_31 [-0.1485595703125, 0.0609130859375, -0.116943359375, -0.09033203125, 0.12744140625, 0.05657958984375] 4 NA NA
fb33df3f-e915-4806-b4d2-bbd816695713_combined [-0.2098388671875, 0.08392333984375, -0.2197265625, 0.09844970703125, 0.1220703125, -0.1263427734375] 4 NA NA
Shoplifting012_x264 [-0.14013671875, 0.0672607421875, -0.15087890625, 0.144287109375, -0.07464599609375, -0.03192138671875] 3 NA NA
training_36 [-0.231689453125, 0.105224609375, -0.30712890625, -0.0289306640625, 0.176025390625, 0.0238800048828125] 4 NA NA
testing_11 [-0.1663818359375, 0.2347412109375, -0.2139892578125, 0.004444122314453125, 0.00408935546875, -0.10064697265625] 1 NA NA
testing_9 [-0.087890625, 0.04461669921875, -0.0748291015625, -0.03466796875, 0.0164642333984375, 0.05859375] 5 NA NA
Robbery114_x264 [-0.11956787109375, 0.102294921875, -0.2110595703125, 0.162841796875, -0.041778564453125, -0.0999755859375] 3 NA NA
training_59 [-0.060577392578125, 0.10931396484375, -0.0244598388671875, -0.033966064453125, -0.0084228515625, -0.0504150390625] 1 NA NA
e6d436cd-be3c-4ba6-892b-86a695eeb591 [-0.11627197265625, 0.0738525390625, -0.1634521484375, 0.0899658203125, 0.05364990234375, -0.10498046875] 3 NA NA
Burglary022_x264 [-0.042022705078125, 0.054046630859375, -0.10748291015625, 0.048065185546875, 0.0029659271240234375, -0.044525146484375] 0 NA NA
Robbery079_x264 [-0.186767578125, 0.10394287109375, -0.260009765625, 0.25146484375, -0.047760009765625, -0.1470947265625] 3 NA NA
Shoplifting028_x264 [-0.202392578125, 0.11065673828125, -0.2252197265625, 0.188720703125, -0.006404876708984375, -0.1268310546875] 3 NA NA
Shoplifting017_x264 [-0.2470703125, 0.12890625, -0.52880859375, 0.490234375, -0.12298583984375, -0.197021484375] 3 NA NA
training_19 [-0.07501220703125, 0.0943603515625, -0.06390380859375, -0.0213165283203125, -0.0112762451171875, -0.003742218017578125] 1 NA NA
training_98 [-0.3349609375, 0.159912109375, -0.322998046875, -0.1424560546875, 0.2548828125, 0.09442138671875] 4 NA NA
testing_14 [-0.306884765625, 0.2052001953125, -0.27880859375, -0.06915283203125, 0.07440185546875, 0.07574462890625] 5 NA NA
4191422d-81c6-456e-9a01-fa5d7b796de8_combined [-0.1268310546875, 0.0936279296875, -0.232421875, 0.1329345703125, 0.052825927734375, -0.1343994140625] 3 NA NA
testing_16 [-0.11883544921875, 0.052581787109375, -0.09619140625, -0.056640625, 0.0386962890625, 0.09185791015625] 5 NA NA
training_45 [-0.0482177734375, 0.025238037109375, -0.046630859375, 0.02056884765625, 0.0228424072265625, -0.03326416015625] 1 NA NA
testing_10 [-0.06781005859375, 0.0970458984375, -0.031402587890625, -0.0151214599609375, -0.0113677978515625, -0.043182373046875] 1 NA NA
testing_34 [-0.0670166015625, 0.1666259765625, -0.0814208984375, -0.05633544921875, -0.03314208984375, -0.038055419921875] 1 NA NA
training_9 [-0.06854248046875, 0.10205078125, -0.029144287109375, -0.01580810546875, -0.0173492431640625, -0.043212890625] 1 NA NA
2c3f1c1f-3e8f-4e5b-b388-21b7acb3b914_combined [-0.0989990234375, 0.00433349609375, -0.160400390625, 0.067138671875, 0.08026123046875, -0.0328369140625] 4 NA NA
training_5 [-0.140869140625, 0.1080322265625, -0.1785888671875, 0.01275634765625, 0.044036865234375, -0.021209716796875] 1 NA NA
Assault006_x264 [-0.1820068359375, 0.1376953125, -0.296142578125, 0.173583984375, -0.07843017578125, -0.048309326171875] 1 NA NA
training_34 [-0.324951171875, 0.2015380859375, -0.382080078125, -0.033935546875, 0.196533203125, -0.009765625] 4 NA NA
training_60 [-0.191162109375, 0.08917236328125, -0.1239013671875, -0.04071044921875, 0.036590576171875, 0.07318115234375] 5 NA NA
training_14 [-0.279541015625, 0.12261962890625, -0.26318359375, -0.085693359375, 0.1759033203125, 0.0848388671875] 5 NA NA
Robbery118_x264 [-0.2081298828125, 0.1263427734375, -0.400634765625, 0.322021484375, -0.06719970703125, -0.1414794921875] 3 NA NA
training_96 [-0.16845703125, 0.1513671875, -0.1441650390625, -0.0164794921875, -0.00909423828125, 0.01374053955078125] 1 NA NA
training_7 [-0.10955810546875, 0.061492919921875, -0.133544921875, 0.00366973876953125, 0.0771484375, -0.023834228515625] 4 NA NA
f84dba8e-ce0f-4b77-8e97-c94aab3b4cc6_combined [-0.12939453125, 0.079833984375, -0.233154296875, 0.16552734375, 0.03009033203125, -0.1318359375] 4 NA NA
training_72 [-0.1416015625, 0.0304107666015625, 0.1710205078125, -0.06756591796875, 0.007335662841796875, -0.01617431640625] 2 NA NA
Robbery139_x264 [-0.08612060546875, 0.0347900390625, -0.11248779296875, 0.125244140625, -0.0182952880859375, -0.07275390625] 3 NA NA
Assault050_x264 [-0.1866455078125, 0.11749267578125, -0.27490234375, 0.255126953125, -0.08367919921875, -0.11749267578125] 1 NA NA
training_27 [-0.14208984375, 0.0330810546875, 0.19091796875, -0.04547119140625, -0.004604339599609375, -0.050140380859375] 2 NA NA
Assault052_x264 [-0.1845703125, 0.159912109375, -0.2320556640625, 0.10223388671875, 0.0016765594482421875, -0.096435546875] 1 NA NA
training_55 [-0.0869140625, 0.144287109375, -0.11431884765625, 0.00734710693359375, -0.01904296875, -0.06597900390625] 1 NA NA
training_190 [-0.1619873046875, 0.0941162109375, -0.1593017578125, -0.0411376953125, 0.0963134765625, 0.0162811279296875] 4 NA NA
training_33 [-0.0836181640625, 0.11492919921875, -0.058685302734375, -0.0009984970092773438, 0.0028629302978515625, -0.0709228515625] 1 NA NA
training_24 [-0.269287109375, 0.1629638671875, -0.2064208984375, -0.1318359375, 0.126708984375, 0.10321044921875] 4 NA NA
training_17 [-0.1455078125, 0.1380615234375, -0.18212890625, 0.039306640625, -0.005222320556640625, -0.03204345703125] 1 NA NA
Robbery045_x264 [-0.2164306640625, 0.1297607421875, -0.41796875, 0.3544921875, -0.12127685546875, -0.11358642578125] 3 NA NA
training_47 [-0.07672119140625, 0.122802734375, -0.043426513671875, 0.00695037841796875, -0.0143585205078125, -0.0869140625] 1 NA NA
testing_16 [-0.0775146484375, 0.10302734375, -0.044586181640625, -0.0251617431640625, -0.004909515380859375, -0.0296173095703125] 1 NA NA
Robbery018_x264 [-0.2237548828125, 0.0777587890625, -0.35888671875, 0.41748046875, -0.113037109375, -0.177978515625] 3 NA NA
Robbery028_x264 [-0.124755859375, 0.07452392578125, -0.280029296875, 0.258544921875, -0.0589599609375, -0.1268310546875] 3 NA NA
testing_1 [-0.137451171875, 0.0416259765625, 0.1810302734375, -0.039947509765625, -0.01226043701171875, -0.055267333984375] 2 NA NA
Abuse026_x264 [-0.202392578125, 0.1309814453125, -0.22607421875, 0.09381103515625, 0.0220794677734375, -0.06390380859375] 1 NA NA
training_82 [-0.13427734375, 0.1484375, -0.179931640625, -0.048065185546875, 0.05084228515625, -0.002773284912109375] 1 NA NA
training_72 [-0.19677734375, 0.162353515625, -0.2415771484375, 0.0186920166015625, 0.055755615234375, -0.0289154052734375] 1 NA NA
testing_11 [-0.16552734375, 0.024688720703125, 0.23095703125, -0.04901123046875, -0.01146697998046875, -0.050201416015625] 2 NA NA
Fighting045_x264 [-0.1776123046875, 0.11322021484375, -0.2587890625, 0.1727294921875, 0.009246826171875, -0.12066650390625] 1 NA NA
training_47 [-0.1280517578125, 0.0181884765625, 0.20703125, -0.0218353271484375, -0.019256591796875, -0.065185546875] 2 NA NA
training_64 [-0.162841796875, 0.185302734375, -0.133544921875, -0.01088714599609375, 0.0087890625, -0.068359375] 1 NA NA
training_63 [-0.11383056640625, 0.0797119140625, -0.0936279296875, -0.0265045166015625, 0.041259765625, 0.0081939697265625] 1 NA NA
Stealing036_x264 [-0.1265869140625, 0.07562255859375, -0.179931640625, 0.1693115234375, -0.0185089111328125, -0.11614990234375] 3 NA NA
78c2f2ca-bb06-4878-9e7c-d3e84d0add6d_combined [-0.1875, 0.06365966796875, -0.295166015625, 0.1650390625, 0.0830078125, -0.1005859375] 4 NA NA
Burglary057_x264 [-0.07177734375, 0.0706787109375, -0.1778564453125, 0.15234375, -0.048980712890625, -0.08343505859375] 0 NA NA
a582bff9-d191-4184-a32d-0cfe28f13938_combined [-0.10821533203125, 0.055877685546875, -0.1715087890625, 0.1328125, 0.00540924072265625, -0.08599853515625] 4 NA NA
training_143 [-0.29296875, 0.2054443359375, -0.30322265625, -0.028350830078125, 0.1346435546875, -0.034881591796875] 4 NA NA
Burglary088_x264 [-0.1412353515625, 0.1324462890625, -0.2393798828125, 0.144287109375, -0.004955291748046875, -0.12457275390625] 0 NA NA
Stealing107_x264 [-0.1517333984375, 0.125732421875, -0.267822265625, 0.2374267578125, -0.06292724609375, -0.1507568359375] 3 NA NA
training_50 [-0.087890625, 0.12030029296875, -0.07171630859375, -0.01568603515625, 0.0053863525390625, -0.046661376953125] 1 NA NA
training_83 [-0.11883544921875, 0.0799560546875, -0.103515625, -0.01995849609375, 0.043792724609375, 0.0055999755859375] 1 NA NA
testing_7 [-0.06488037109375, 0.09716796875, -0.0230865478515625, -0.0179595947265625, -0.0161895751953125, -0.042022705078125] 1 NA NA
training_83 [-0.21923828125, 0.1678466796875, -0.2010498046875, 0.01163482666015625, 0.0255126953125, -0.0251312255859375] 5 NA NA
Stealing106_x264 [-0.1597900390625, 0.12091064453125, -0.319580078125, 0.228515625, 0.01381683349609375, -0.1741943359375] 3 NA NA
training_149 [-0.205322265625, 0.10040283203125, -0.244140625, 0.01514434814453125, 0.1719970703125, -0.07354736328125] 4 NA NA
training_15 [-0.1640625, 0.034637451171875, 0.2086181640625, -0.041778564453125, -0.0184783935546875, -0.04705810546875] 2 NA NA
Burglary046_x264 [-0.10302734375, 0.0997314453125, -0.164794921875, 0.1387939453125, -0.052398681640625, -0.0936279296875] 0 NA NA
training_68 [-0.1834716796875, 0.10693359375, -0.14501953125, -0.11865234375, 0.082275390625, 0.11083984375] 1 NA NA
training_4 [-0.1298828125, 0.06390380859375, -0.127685546875, -0.0184783935546875, 0.07208251953125, 0.007755279541015625] 4 NA NA
training_24 [-0.0845947265625, 0.157958984375, -0.136474609375, 0.037353515625, -0.057952880859375, -0.06622314453125] 1 NA NA
training_171 [-0.266357421875, 0.09881591796875, -0.262939453125, -0.05072021484375, 0.242919921875, -0.0125274658203125] 4 NA NA
training_42 [-0.07769775390625, 0.07275390625, -0.11517333984375, 0.0621337890625, -0.03143310546875, -0.026580810546875] 1 NA NA
Robbery046_x264 [-0.11053466796875, 0.005840301513671875, -0.09735107421875, -0.00737762451171875, 0.0767822265625, 0.043212890625] 3 NA NA
training_17 [-0.1533203125, 0.1634521484375, -0.124267578125, -0.045074462890625, 0.0372314453125, -0.0330810546875] 1 NA NA
training_91 [-0.09783935546875, 0.04986572265625, -0.078369140625, -0.0191802978515625, 0.037139892578125, 0.02001953125] 4 NA NA
training_107 [-0.12005615234375, 0.056640625, -0.1285400390625, 0.02587890625, 0.05438232421875, -0.022705078125] 4 NA NA
training_75 [-0.11163330078125, 0.065185546875, -0.109619140625, -0.01378631591796875, 0.0408935546875, 0.0159149169921875] 5 NA NA
testing_25 [-0.14990234375, 0.07769775390625, -0.040740966796875, -0.09649658203125, 0.03594970703125, 0.08172607421875] 1 NA NA
training_69 [-0.17529296875, 0.1519775390625, -0.1881103515625, 0.040374755859375, -0.0089111328125, -0.03582763671875] 1 NA NA
Stealing086_x264 [-0.145263671875, 0.083740234375, -0.283203125, 0.1849365234375, 0.062408447265625, -0.151611328125] 3 NA NA
training_99 [-0.1478271484375, 0.0869140625, -0.1396484375, 0.0013647079467773438, 0.05694580078125, -0.004627227783203125] 4 NA NA
training_103 [-0.2066650390625, 0.11669921875, -0.199462890625, -0.04595947265625, 0.025970458984375, 0.1190185546875] 5 NA NA
Robbery047_x264 [-0.0968017578125, 0.035247802734375, -0.1763916015625, 0.1929931640625, -0.028839111328125, -0.1038818359375] 3 NA NA
Assault009_x264 [-0.159423828125, 0.1024169921875, -0.266845703125, 0.170166015625, -0.03692626953125, -0.0684814453125] 1 NA NA
b030aef1-ae5b-4706-85bb-f98e5ea3442f_combined [-0.2117919921875, 0.133544921875, -0.260009765625, 0.1087646484375, 0.087646484375, -0.134033203125] 4 NA NA
Stealing070_x264 [-0.146484375, 0.110595703125, -0.2447509765625, 0.1396484375, 0.05853271484375, -0.1502685546875] 3 NA NA
Fighting022_x264 [-0.052337646484375, 0.056121826171875, -0.04339599609375, 0.0288543701171875, -0.0220947265625, -0.03131103515625] 1 NA NA
Robbery062_x264 [-0.1658935546875, 0.09002685546875, -0.320556640625, 0.2734375, -0.06988525390625, -0.110595703125] 3 NA NA
training_74 [-0.09600830078125, 0.164794921875, -0.09234619140625, -0.0399169921875, -0.0175628662109375, -0.04486083984375] 1 NA NA
training_79 [-0.044830322265625, 0.1068115234375, -0.0565185546875, 0.0096588134765625, -0.034698486328125, -0.06396484375] 1 NA NA
Assault030_x264 [-0.1513671875, 0.1295166015625, -0.2498779296875, 0.158935546875, -0.0175628662109375, -0.11724853515625] 1 NA NA
testing_3 [-0.06939697265625, 0.09686279296875, -0.0277252197265625, -0.0163116455078125, -0.01305389404296875, -0.0396728515625] 1 NA NA
testing_32 [-0.1026611328125, 0.1072998046875, -0.05328369140625, -0.00519561767578125, 0.00353240966796875, -0.0469970703125] 1 NA NA
training_56 [-0.07733154296875, 0.104736328125, -0.043548583984375, -0.0206451416015625, -0.00952911376953125, -0.0333251953125] 1 NA NA
testing_5 [-0.058837890625, 0.08660888671875, -0.033111572265625, -0.00514984130859375, -0.01262664794921875, -0.044830322265625] 1 NA NA
training_147 [-0.228759765625, 0.10296630859375, -0.14892578125, -0.04449462890625, 0.173095703125, -0.057830810546875] 4 NA NA
training_90 [-0.10870361328125, 0.181640625, -0.115234375, -0.044464111328125, -0.01436614990234375, -0.048675537109375] 1 NA NA
training_37 [-0.08447265625, 0.10009765625, -0.09295654296875, 0.01016998291015625, -0.0170135498046875, -0.026397705078125] 1 NA NA
training_76 [-0.1055908203125, 0.1470947265625, -0.09442138671875, -0.0251312255859375, -0.0016202926635742188, -0.0474853515625] 1 NA NA
training_74 [-0.11602783203125, 0.09149169921875, -0.10906982421875, 0.0022735595703125, 0.006687164306640625, 0.005462646484375] 1 NA NA
training_24 [-0.07733154296875, 0.10186767578125, -0.033050537109375, -0.032012939453125, -0.006946563720703125, -0.025909423828125] 1 NA NA
training_151 [-0.1636962890625, 0.056915283203125, -0.18212890625, -0.05322265625, 0.19921875, -0.0207977294921875] 4 NA NA
training_63 [-0.1507568359375, 0.2269287109375, -0.1995849609375, -0.04071044921875, -0.019622802734375, -0.0266571044921875] 1 NA NA
training_10 [-0.1842041015625, 0.10321044921875, -0.1912841796875, -0.0204620361328125, 0.052520751953125, 0.06939697265625] 5 NA NA
training_66 [-0.154052734375, 0.03900146484375, -0.12646484375, -0.031097412109375, 0.1334228515625, 0.00739288330078125] 4 NA NA
training_2 [-0.1781005859375, 0.132568359375, -0.142578125, -0.038116455078125, 0.001407623291015625, 0.078369140625] 5 NA NA
Shoplifting048_x264 [-0.128662109375, 0.048370361328125, -0.147216796875, 0.175048828125, -0.051666259765625, -0.07562255859375] 3 NA NA
training_82 [-0.251708984375, 0.2276611328125, -0.2626953125, -0.0176544189453125, 0.01678466796875, 0.01143646240234375] 1 NA NA
video_15 [-0.08892822265625, 0.034149169921875, -0.11004638671875, 0.0338134765625, -0.059051513671875, 0.08746337890625] 5 NA NA
video_18 [-0.09991455078125, 0.041778564453125, -0.156982421875, 0.048187255859375, -0.018798828125, 0.058013916015625] 5 NA NA
video_44 [-0.12841796875, 0.0297393798828125, -0.21826171875, 0.01192474365234375, -0.026702880859375, 0.172607421875] 5 NA NA
video_10 [-0.136962890625, 0.046905517578125, -0.12213134765625, -0.036102294921875, -0.00748443603515625, 0.1380615234375] 5 NA NA
video_9 [-0.10614013671875, 0.05029296875, -0.1024169921875, 0.0080108642578125, -0.0267333984375, 0.0693359375] 5 NA NA
video_42 [-0.123291015625, 0.0309295654296875, -0.1522216796875, 0.0071563720703125, 0.02789306640625, 0.0823974609375] 5 NA NA
video_48 [-0.1910400390625, 0.0406494140625, -0.29833984375, 0.012908935546875, 0.00022292137145996094, 0.216796875] 5 NA NA
video_56 [-0.10955810546875, 0.049468994140625, -0.1553955078125, 0.003143310546875, -0.0125579833984375, 0.0980224609375] 5 NA NA
video_41 [-0.12139892578125, 0.042755126953125, -0.1767578125, 0.00272369384765625, 0.0005555152893066406, 0.11224365234375] 5 NA NA
training_56 [-0.073974609375, 0.07379150390625, -0.054656982421875, -0.03863525390625, 0.04412841796875, -0.021697998046875] -1 NA NA
training_10 [-0.047821044921875, 0.03668212890625, -0.0301055908203125, -0.015350341796875, 0.037628173828125, -0.0213775634765625] -1 NA NA
testing_11 [-0.0283203125, 0.03277587890625, 0.0033168792724609375, -0.01403045654296875, 0.017425537109375, -0.034637451171875] -1 NA NA
training_64 [-0.0304107666015625, 0.015838623046875, -0.024078369140625, 0.00943756103515625, 0.019500732421875, -0.0165252685546875] -1 NA NA
training_54 [-0.0308837890625, 0.0235443115234375, -0.00554656982421875, -0.0006504058837890625, 0.017425537109375, -0.0267486572265625] -1 NA NA
testing_13 [-0.037872314453125, 0.021240234375, -0.0185089111328125, -0.00933837890625, 0.0299224853515625, -0.0137786865234375] -1 NA NA
testing_22 [-0.08673095703125, 0.1126708984375, -0.055511474609375, -0.02191162109375, -0.0034732818603515625, -0.04229736328125] -1 NA NA
training_41 [-0.0286712646484375, 0.0243682861328125, -0.01403045654296875, -0.0003955364227294922, 0.0210113525390625, -0.027801513671875] -1 NA NA
training_9 [-0.033416748046875, 0.0269317626953125, -0.0309295654296875, -0.0018310546875, 0.02581787109375, -0.0208740234375] -1 NA NA
testing_19 [-0.038726806640625, 0.0295257568359375, -0.03619384765625, -0.02215576171875, 0.035980224609375, 0.0007948875427246094] -1 NA NA
testing_24 [-0.03546142578125, 0.0298004150390625, -0.03564453125, -0.0118408203125, 0.025177001953125, -0.007335662841796875] -1 NA NA
training_57 [-0.05548095703125, 0.0399169921875, -0.0307159423828125, -0.018707275390625, 0.049896240234375, -0.030670166015625] -1 NA NA
training_49 [-0.039306640625, 0.04571533203125, -0.055511474609375, 0.01507568359375, 0.007373809814453125, -0.034515380859375] -1 NA NA
training_11 [-0.0278778076171875, 0.023834228515625, -0.00887298583984375, -0.001583099365234375, 0.0191650390625, -0.0258331298828125] -1 NA NA
training_12 [-0.04644775390625, 0.044189453125, -0.06427001953125, -0.0245819091796875, 0.03448486328125, 0.00925445556640625] -1 NA NA
training_42 [-0.0279998779296875, -0.003643035888671875, -0.0108795166015625, -0.009002685546875, 0.002582550048828125, 0.04010009765625] -1 NA NA
training_60 [-0.03851318359375, 0.003814697265625, -0.033660888671875, -0.006378173828125, 0.0049285888671875, 0.046356201171875] -1 NA NA
training_68 [-0.036285400390625, -0.01091766357421875, -0.06298828125, 0.0172576904296875, 0.04669189453125, 0.014068603515625] -1 NA NA
training_69 [-0.0099334716796875, -0.0007739067077636719, -0.0002028942108154297, -0.0207672119140625, -0.001552581787109375, 0.035797119140625] -1 NA NA
training_29 [-0.0435791015625, -0.002124786376953125, -0.06414794921875, -0.00812530517578125, 0.026824951171875, 0.057891845703125] -1 NA NA
testing_13 [-0.0709228515625, 0.00726318359375, -0.114990234375, -0.00783538818359375, 0.05096435546875, 0.065673828125] -1 NA NA
training_75 [-0.027801513671875, -0.00638580322265625, -0.031646728515625, 0.006473541259765625, 0.01206207275390625, 0.0291290283203125] -1 NA NA
training_57 [0.0035953521728515625, -0.0186614990234375, 0.0101776123046875, 0.0081024169921875, -0.01800537109375, 0.0323486328125] -1 NA NA
training_63 [-0.01385498046875, -0.0102691650390625, -0.03375244140625, -0.006130218505859375, 0.007396697998046875, 0.045684814453125] -1 NA NA
training_28 [-0.0223541259765625, -0.00995635986328125, -0.055084228515625, 0.00728607177734375, 0.01540374755859375, 0.042327880859375] -1 NA NA
training_9 [-0.04150390625, 0.0157470703125, -0.01189422607421875, -0.03369140625, 0.01039886474609375, 0.040252685546875] -1 NA NA
training_20 [-0.0266571044921875, 0.006168365478515625, -0.0265655517578125, -0.00768280029296875, 0.0007176399230957031, 0.0377197265625] -1 NA NA
testing_8 [-0.0133819580078125, -0.0060272216796875, -0.0279388427734375, 0.0115509033203125, 0.0035305023193359375, 0.01983642578125] -1 NA NA
training_32 [-0.038055419921875, 0.00016939640045166016, -0.06298828125, 0.0186767578125, 0.02044677734375, 0.02325439453125] -1 NA NA
testing_20 [-0.054443359375, 0.0187530517578125, -0.03533935546875, -0.0095062255859375, -0.0122833251953125, 0.062042236328125] -1 NA NA
training_65 [-0.0438232421875, 0.04901123046875, -0.051788330078125, 0.00408172607421875, 0.00281524658203125, -0.019317626953125] -1 NA NA
testing_4 [-0.00858306884765625, 0.004817962646484375, -0.016693115234375, -0.01464080810546875, 0.0223541259765625, 0.0032367706298828125] -1 NA NA
training_61 [-0.09893798828125, 0.04400634765625, -0.10601806640625, 0.04541015625, 0.01328277587890625, -0.01462554931640625] -1 NA NA
training_37 [-0.049224853515625, 0.024658203125, -0.051910400390625, 0.00476837158203125, 0.0234832763671875, -0.0091094970703125] -1 NA NA
testing_26 [-0.116943359375, 0.032806396484375, -0.12103271484375, 0.00098419189453125, 0.0723876953125, 0.01367950439453125] -1 NA NA
training_5 [-0.060394287109375, 0.0582275390625, -0.0367431640625, -0.0191650390625, 0.01251220703125, -0.01470184326171875] -1 NA NA
training_9 [-0.05877685546875, 0.052642822265625, -0.04705810546875, 0.000896453857421875, -0.003387451171875, -0.0027484893798828125] -1 NA NA
training_20 [-0.05938720703125, 0.031494140625, -0.08013916015625, 0.007015228271484375, 0.043060302734375, -0.0196685791015625] -1 NA NA
testing_17 [-0.06536865234375, 0.0269317626953125, -0.11712646484375, -0.0146331787109375, 0.07012939453125, 0.0227203369140625] -1 NA NA
training_18 [-0.095458984375, 0.05535888671875, -0.12225341796875, -0.01076507568359375, 0.059051513671875, -0.00743865966796875] -1 NA NA
training_50 [-0.0638427734375, 0.0462646484375, -0.1185302734375, 0.03314208984375, 0.0257415771484375, -0.02056884765625] -1 NA NA
training_55 [-0.08538818359375, 0.0439453125, -0.09912109375, 0.024932861328125, 0.0300445556640625, -0.0193023681640625] -1 NA NA
training_25 [-0.0716552734375, 0.035125732421875, -0.08343505859375, -0.002574920654296875, 0.053619384765625, -0.0084381103515625] -1 NA NA
testing_12 [-0.0731201171875, 0.05279541015625, -0.089111328125, -0.048370361328125, 0.058868408203125, 0.0275421142578125] -1 NA NA
training_69 [-0.151123046875, 0.06182861328125, -0.1651611328125, 0.020965576171875, 0.06689453125, -0.00150299072265625] -1 NA NA
training_13 [-0.0219268798828125, -0.027801513671875, 0.00438690185546875, -0.0011701583862304688, 0.041839599609375, 0.0004992485046386719] -1 NA NA
training_30 [-0.0160980224609375, 0.00461578369140625, -0.0110626220703125, 0.020599365234375, -0.005535125732421875, -0.014617919921875] -1 NA NA
testing_4 [-0.016448974609375, -0.01043701171875, 0.002811431884765625, -0.001377105712890625, 0.0180816650390625, 0.002147674560546875] -1 NA NA
training_33 [0.004756927490234375, -0.038360595703125, 0.03582763671875, -0.0191497802734375, 0.01430511474609375, 0.0186767578125] -1 NA NA
training_47 [0.0008525848388671875, -0.023284912109375, 0.017913818359375, -0.017303466796875, 0.01531219482421875, 0.0201873779296875] -1 NA NA
training_74 [-0.04534912109375, 0.0145721435546875, -0.00925445556640625, -0.0017766952514648438, 0.0184173583984375, -0.0111083984375] -1 NA NA
testing_25 [-0.06292724609375, 0.05804443359375, -0.0596923828125, -0.0010824203491210938, 0.02752685546875, -0.034942626953125] -1 NA NA
testing_18 [-0.0184326171875, -0.0006999969482421875, -0.01214599609375, 0.008880615234375, 0.01031494140625, -0.0081329345703125] -1 NA NA
training_40 [-0.034912109375, 0.01123046875, -0.0196685791015625, -0.036773681640625, 0.0433349609375, 0.0117340087890625] -1 NA NA
training_65 [-0.00531768798828125, 0.0050811767578125, 0.0257110595703125, -0.0080413818359375, 0.003345489501953125, -0.0176544189453125] -1 NA NA
training_64 [-0.012359619140625, 0.0050506591796875, 0.011383056640625, -0.0087127685546875, 0.0182037353515625, -0.0178680419921875] -1 NA NA
training_9 [-0.0261993408203125, 0.010986328125, -0.0350341796875, -0.00525665283203125, 0.0119171142578125, 0.00623321533203125] -1 NA NA
training_42 [-0.044525146484375, 0.0273284912109375, -0.060333251953125, 0.00980377197265625, 0.04681396484375, -0.040130615234375] -1 NA NA
training_62 [-0.00469207763671875, -0.0230560302734375, 0.01168060302734375, 0.007518768310546875, 0.0120849609375, -0.005157470703125] -1 NA NA
training_52 [-0.034423828125, 0.031402587890625, -0.018646240234375, -6.562471389770508e-05, 0.024749755859375, -0.03668212890625] -1 NA NA
training_74 [-0.138916015625, 0.11077880859375, -0.09136962890625, -0.008148193359375, 0.0284881591796875, -0.0330810546875] -1 NA NA
testing_2 [-0.06085205078125, 0.032012939453125, -0.0255584716796875, -0.027099609375, 0.0318603515625, 0.00583648681640625] -1 NA NA
training_22 [-0.042449951171875, 0.034576416015625, -0.036407470703125, -0.031585693359375, 0.03424072265625, 0.0026035308837890625] -1 NA NA
training_86 [-0.0372314453125, 0.0249786376953125, 0.034149169921875, -0.061004638671875, 0.03204345703125, 0.006946563720703125] -1 NA NA
training_45 [-0.07257080078125, 0.046966552734375, -0.04180908203125, -0.0200042724609375, 0.0270233154296875, -0.00312042236328125] -1 NA NA
training_48 [-0.12005615234375, 0.08892822265625, -0.045013427734375, -0.10662841796875, 0.05633544921875, 0.054229736328125] -1 NA NA
training_10 [-0.0225372314453125, 0.0237274169921875, 0.01261138916015625, -0.024658203125, 0.0222930908203125, -0.01507568359375] -1 NA NA
training_25 [-0.042022705078125, 0.0295867919921875, -0.0750732421875, 0.044525146484375, 0.004100799560546875, -0.034912109375] -1 NA NA
training_6 [-0.03094482421875, 0.0286865234375, 0.027801513671875, -0.03973388671875, 0.0250701904296875, -0.0194091796875] -1 NA NA
training_19 [-0.093017578125, 0.0667724609375, -0.06939697265625, -0.06158447265625, 0.0533447265625, 0.0250701904296875] -1 NA NA
training_12 [-0.068115234375, 0.055084228515625, 0.04522705078125, -0.07470703125, 0.04351806640625, -0.006877899169921875] -1 NA NA
training_40 [-0.07379150390625, 0.0265655517578125, -0.00666046142578125, -0.058380126953125, 0.062408447265625, 0.0218353271484375] -1 NA NA
testing_25 [-0.063720703125, 0.05560302734375, -0.035247802734375, -0.034759521484375, 0.01459503173828125, 0.01117706298828125] -1 NA NA
training_54 [-0.029510498046875, 0.0325927734375, 0.00936126708984375, -0.035400390625, 0.01416015625, -0.0025844573974609375] -1 NA NA
training_13 [-0.0673828125, 0.041168212890625, 0.05926513671875, -0.093017578125, 0.052398681640625, 0.0190582275390625] -1 NA NA
testing_5 [-0.291259765625, 0.1375732421875, -0.2783203125, -0.07867431640625, 0.214111328125, 0.0228729248046875] 4 NA NA
training_35 [-0.1539306640625, 0.1680908203125, -0.169921875, -0.053955078125, 0.025787353515625, 0.01100921630859375] 1 NA NA
training_64 [-0.05059814453125, 0.029296875, -0.041473388671875, 0.023223876953125, 0.023712158203125, -0.042816162109375] 4 NA NA
training_5 [-0.06817626953125, 0.0946044921875, -0.02764892578125, -0.0170745849609375, -0.0144195556640625, -0.0361328125] 1 NA NA
video_39 [-0.1658935546875, 0.0469970703125, -0.273193359375, 0.0092620849609375, -0.016632080078125, 0.196533203125] 5 NA NA
training_77 [-0.1396484375, 0.1239013671875, -0.14111328125, 0.00937652587890625, 0.020416259765625, -0.03155517578125] 1 NA NA
training_4 [-0.07550048828125, 0.09375, -0.07470703125, -0.0206451416015625, -0.007686614990234375, -0.0009937286376953125] 1 NA NA
training_67 [-0.2125244140625, 0.1771240234375, -0.2042236328125, 0.004047393798828125, -0.00045037269592285156, 0.00817108154296875] 1 NA NA
Burglary070_x264 [-0.2337646484375, 0.1112060546875, -0.483642578125, 0.38134765625, -0.0390625, -0.1600341796875] 0 NA NA
video_38 [-0.12091064453125, 0.0261688232421875, -0.156005859375, 0.0088348388671875, 0.01181793212890625, 0.10455322265625] 5 NA NA
training_73 [-0.254638671875, 0.200439453125, -0.350830078125, -0.00986480712890625, 0.09210205078125, 0.0159759521484375] 1 NA NA
e4be41c8-2723-4c53-b392-fac1bc393d59_combined [-0.11346435546875, 0.0472412109375, -0.148193359375, 0.06353759765625, 0.106201171875, -0.09820556640625] 4 NA NA
e8c61a8a-9f16-4646-af05-25aaa8010d6f_combined [-0.176513671875, 0.1444091796875, -0.2607421875, 0.1739501953125, 0.0301055908203125, -0.18408203125] 4 NA NA
video_3 [-0.1031494140625, 0.043365478515625, -0.11981201171875, 0.0170440673828125, -0.03643798828125, 0.0892333984375] 5 NA NA
42c2228f-e3c5-43e4-823b-5dfab62212d6_combined [-0.14990234375, 0.07391357421875, -0.19482421875, 0.1048583984375, 0.049896240234375, -0.08319091796875] 3 NA NA
Stealing055_x264 [-0.1510009765625, 0.06878662109375, -0.269287109375, 0.25634765625, -0.0772705078125, -0.09259033203125] 3 NA NA
41e4be35-2d1d-4c9d-b528-69e65dfac026_combined [-0.07244873046875, 0.04376220703125, -0.1114501953125, 0.05572509765625, 0.042938232421875, -0.06341552734375] 4 NA NA
testing_15 [-0.152099609375, 0.017974853515625, 0.25634765625, -0.0416259765625, -0.0186309814453125, -0.0611572265625] 2 NA NA
training_66 [-0.17236328125, 0.05413818359375, 0.004032135009765625, -0.09814453125, 0.07672119140625, 0.051666259765625] 5 NA NA
Fighting023_x264 [-0.1815185546875, 0.10809326171875, -0.2435302734375, 0.1295166015625, 0.007419586181640625, -0.065185546875] 1 NA NA
training_105 [-0.1810302734375, 0.090576171875, -0.2381591796875, 0.05975341796875, 0.07666015625, -0.033477783203125] 4 NA NA
training_36 [-0.0257568359375, 0.0149688720703125, -0.00594329833984375, -0.0019159317016601562, 0.0250091552734375, -0.026031494140625] -1 NA NA
training_24 [-0.05181884765625, 0.04736328125, -0.023101806640625, -0.0251007080078125, 0.0284881591796875, -0.0209197998046875] -1 NA NA
training_16 [-0.037078857421875, 0.0215606689453125, -0.01551055908203125, -0.00345611572265625, 0.027099609375, -0.019744873046875] -1 NA NA
testing_2 [-0.06817626953125, 0.0706787109375, -0.05767822265625, -0.0011348724365234375, 0.018310546875, -0.04071044921875] -1 NA NA
training_22 [-0.0308990478515625, 0.0269775390625, -0.0245513916015625, 0.023345947265625, 0.016510009765625, -0.04876708984375] -1 NA NA
training_8 [-0.03900146484375, 0.022003173828125, -0.014404296875, -0.0215301513671875, 0.03741455078125, -0.0082855224609375] -1 NA NA
training_68 [-0.1678466796875, 0.09857177734375, -0.1923828125, 0.08343505859375, 0.046173095703125, -0.0787353515625] -1 NA NA
testing_21 [-0.0251617431640625, 0.0155181884765625, 0.0022640228271484375, 0.005657196044921875, 0.0175933837890625, -0.034759521484375] -1 NA NA
training_43 [-0.0771484375, 0.053466796875, -0.06072998046875, -0.005382537841796875, 0.0169830322265625, -0.00431060791015625] -1 NA NA
training_38 [-0.03314208984375, 0.0186004638671875, -0.020172119140625, 0.00047707557678222656, 0.0189056396484375, -0.01416778564453125] -1 NA NA
training_4 [-0.0294952392578125, 0.023773193359375, -0.021484375, -0.0269927978515625, 0.040863037109375, -0.0070037841796875] -1 NA NA
testing_14 [-0.0258026123046875, 0.016998291015625, -0.0098114013671875, -0.0027008056640625, 0.01812744140625, -0.0195465087890625] -1 NA NA
testing_7 [-0.0726318359375, 0.048675537109375, -0.0830078125, 0.027191162109375, 0.016326904296875, -0.021209716796875] -1 NA NA
training_25 [-0.045806884765625, 0.03973388671875, -0.004375457763671875, -0.0204925537109375, 0.031982421875, -0.0374755859375] -1 NA NA
training_13 [-0.01544189453125, 0.0094451904296875, -0.0024509429931640625, -0.00133514404296875, 0.025054931640625, -0.025665283203125] -1 NA NA
training_17 [-0.0384521484375, 0.01293182373046875, -0.030059814453125, -0.0031757354736328125, 0.007732391357421875, 0.0222320556640625] -1 NA NA
training_33 [-0.042510986328125, 0.0030956268310546875, -0.05853271484375, 0.00659942626953125, 0.0191497802734375, 0.034271240234375] -1 NA NA
training_59 [-0.17919921875, 0.09161376953125, -0.1671142578125, -0.07220458984375, 0.1275634765625, 0.038604736328125] -1 NA NA
training_43 [-0.0265960693359375, -0.01216888427734375, -0.031646728515625, -0.0035228729248046875, 0.006237030029296875, 0.054351806640625] -1 NA NA
testing_3 [-0.038055419921875, 0.01371002197265625, -0.006465911865234375, -0.0321044921875, 0.0086669921875, 0.03729248046875] -1 NA NA
training_41 [-0.03857421875, 0.01119232177734375, -0.066162109375, 0.029815673828125, -0.0247039794921875, 0.044647216796875] -1 NA NA
testing_17 [-0.030975341796875, -0.01175689697265625, -0.028839111328125, 0.0033550262451171875, 0.0210418701171875, 0.0305938720703125] -1 NA NA
testing_10 [-0.0261383056640625, -0.01331329345703125, -0.052459716796875, 0.01285552978515625, 0.014862060546875, 0.035980224609375] -1 NA NA
testing_6 [-0.01153564453125, -0.00150299072265625, -0.00493621826171875, 0.0114288330078125, -0.01435089111328125, 0.0225067138671875] -1 NA NA
training_51 [-0.040924072265625, -0.0110626220703125, -0.0218048095703125, -0.0116119384765625, 0.0311737060546875, 0.03839111328125] -1 NA NA
training_46 [-0.05108642578125, 0.00276947021484375, -0.0870361328125, 0.01204681396484375, 0.01641845703125, 0.056121826171875] -1 NA NA
testing_11 [-0.0277557373046875, -0.006664276123046875, -0.057342529296875, 0.01551055908203125, 0.020538330078125, 0.0266876220703125] -1 NA NA
training_74 [-0.01010894775390625, 0.0001964569091796875, -0.00843048095703125, 0.0164947509765625, -0.00624847412109375, 0.00171661376953125] -1 NA NA
training_76 [-0.057647705078125, 0.0266265869140625, -0.051116943359375, 0.0187530517578125, -0.003856658935546875, 0.01409149169921875] -1 NA NA
training_55 [-0.0312042236328125, -0.00994873046875, -0.038543701171875, 0.00901031494140625, 0.0210113525390625, 0.0283050537109375] -1 NA NA
testing_1 [-0.136962890625, 0.05810546875, -0.1434326171875, 0.0087890625, 0.035125732421875, 0.0418701171875] -1 NA NA
training_43 [-0.12298583984375, 0.046722412109375, -0.129638671875, 0.01242828369140625, 0.061279296875, 0.009490966796875] -1 NA NA
training_54 [-0.06488037109375, 0.03338623046875, -0.06658935546875, 0.017913818359375, 0.027008056640625, -0.027435302734375] -1 NA NA
training_28 [-0.1571044921875, 0.037689208984375, -0.151123046875, -0.048370361328125, 0.2115478515625, -0.026763916015625] -1 NA NA
testing_11 [-0.09283447265625, 0.0262908935546875, -0.092041015625, -0.039337158203125, 0.0906982421875, 0.032745361328125] -1 NA NA
training_31 [-0.01296234130859375, 0.0158538818359375, -0.01261138916015625, 0.005290985107421875, -0.0012464523315429688, -0.00252532958984375] -1 NA NA
training_58 [-0.09564208984375, 0.045745849609375, -0.126220703125, 0.043701171875, 0.037567138671875, -0.029632568359375] -1 NA NA
testing_3 [-0.051361083984375, 0.0208740234375, -0.06121826171875, 0.0036525726318359375, 0.04351806640625, -0.0119476318359375] -1 NA NA
testing_14 [-0.060791015625, 0.04052734375, -0.06494140625, 0.016754150390625, 0.0162353515625, -0.03094482421875] -1 NA NA
training_38 [-0.051025390625, 0.02716064453125, -0.052459716796875, -0.0016965866088867188, 0.031890869140625, -0.01256561279296875] -1 NA NA
training_14 [-0.10540771484375, 0.056732177734375, -0.1220703125, 0.014251708984375, 0.0347900390625, 0.00672149658203125] -1 NA NA
training_15 [-0.113525390625, 0.06024169921875, -0.11553955078125, -0.01114654541015625, 0.052398681640625, 0.01580810546875] -1 NA NA
training_73 [-0.08404541015625, 0.019439697265625, -0.11199951171875, -0.0014133453369140625, 0.08074951171875, 0.004337310791015625] -1 NA NA
training_32 [-0.0246124267578125, 0.0164642333984375, -0.0406494140625, 0.00838470458984375, 0.004268646240234375, 0.0116424560546875] -1 NA NA
training_6 [-0.06591796875, 0.0548095703125, -0.0477294921875, -0.01300811767578125, 0.0020580291748046875, 0.0039520263671875] -1 NA NA
testing_1 [-0.02862548828125, -0.0018472671508789062, -0.02813720703125, -0.0037326812744140625, 0.022613525390625, 0.0128173828125] -1 NA NA
training_71 [-0.0328369140625, 0.0234832763671875, -0.01904296875, -0.0168304443359375, 0.0237274169921875, -0.00902557373046875] -1 NA NA
training_12 [-0.018310546875, 0.013427734375, -0.00762939453125, 0.0164947509765625, -0.00034999847412109375, -0.0292205810546875] -1 NA NA
training_31 [-0.01528167724609375, -0.0029163360595703125, -0.01085662841796875, 0.0162506103515625, -0.004695892333984375, 0.0006570816040039062] -1 NA NA
testing_27 [-0.0307769775390625, 0.0009365081787109375, 0.005512237548828125, -0.0082550048828125, 0.020843505859375, -0.0015659332275390625] -1 NA NA
training_69 [-0.134765625, 0.0694580078125, -0.143798828125, -0.004459381103515625, 0.048828125, 0.024627685546875] -1 NA NA
testing_32 [-0.031768798828125, 0.01351165771484375, -0.00864410400390625, -0.035614013671875, 0.033172607421875, 0.0104217529296875] -1 NA NA
testing_29 [-0.00786590576171875, -0.0003647804260253906, -0.0037097930908203125, 0.034759521484375, -0.0019445419311523438, -0.034820556640625] -1 NA NA
testing_26 [-0.0019311904907226562, -0.012237548828125, -0.01666259765625, -0.0009512901306152344, 0.020050048828125, 0.00421142578125] -1 NA NA
training_7 [-0.0330810546875, -0.006198883056640625, -0.00836181640625, -0.004497528076171875, 0.033111572265625, 0.0002694129943847656] -1 NA NA
training_4 [-0.0254669189453125, 0.005496978759765625, -0.0186920166015625, 0.0089569091796875, 0.01568603515625, -0.01348876953125] -1 NA NA
training_17 [-0.0225982666015625, 0.01039886474609375, 0.00038242340087890625, 0.0034503936767578125, 0.0030765533447265625, -0.01433563232421875] -1 NA NA
training_5 [-0.031585693359375, 0.01012420654296875, -0.02374267578125, 0.00040411949157714844, 0.0225982666015625, -0.01210784912109375] -1 NA NA
testing_13 [-0.043914794921875, 0.024322509765625, -0.0107879638671875, 0.0145263671875, 0.016693115234375, -0.028900146484375] -1 NA NA
training_34 [-0.0093841552734375, -0.012542724609375, -0.00037384033203125, 0.011322021484375, 0.00933837890625, -0.007663726806640625] -1 NA NA
testing_30 [-0.09625244140625, 0.058563232421875, -0.033355712890625, -0.0556640625, 0.0570068359375, 0.00795745849609375] -1 NA NA
training_91 [-0.11328125, 0.03173828125, -0.067626953125, -0.053436279296875, 0.052398681640625, 0.0758056640625] -1 NA NA
training_21 [-0.0360107421875, 0.0411376953125, 0.0013799667358398438, -0.032073974609375, 0.01045989990234375, -0.0111541748046875] -1 NA NA
training_31 [-0.10797119140625, 0.10113525390625, -0.09930419921875, -0.06494140625, 0.07012939453125, -0.00795745849609375] -1 NA NA
training_73 [-0.050384521484375, 0.020355224609375, 0.0029010772705078125, -0.0565185546875, 0.046051025390625, 0.0224151611328125] -1 NA NA
training_27 [-0.0953369140625, 0.03594970703125, -0.04364013671875, -0.0970458984375, 0.107666015625, 0.05096435546875] -1 NA NA
training_23 [-0.035125732421875, 0.029510498046875, -0.020751953125, -0.0230560302734375, 0.0252532958984375, -0.006298065185546875] -1 NA NA
training_11 [-0.0194244384765625, 0.0229339599609375, 0.0362548828125, -0.032684326171875, 0.0168304443359375, -0.0128021240234375] -1 NA NA
testing_24 [-0.0264739990234375, 0.01861572265625, 0.0269927978515625, -0.051300048828125, 0.0240631103515625, 0.01378631591796875] -1 NA NA
testing_17 [-0.06768798828125, 0.07611083984375, -0.033447265625, -0.0714111328125, 0.03240966796875, 0.02197265625] -1 NA NA
training_3 [-0.0295867919921875, 0.019622802734375, -0.0136871337890625, -0.0110626220703125, 0.0143585205078125, -0.0016536712646484375] -1 NA NA
training_2 [-0.03179931640625, 0.02178955078125, 0.0218505859375, -0.039581298828125, 0.025177001953125, -0.001079559326171875] -1 NA NA
testing_23 [-0.12274169921875, 0.0897216796875, -0.08984375, -0.07440185546875, 0.0557861328125, 0.034027099609375] -1 NA NA
training_71 [-0.11676025390625, 0.08880615234375, -0.109375, -0.0538330078125, 0.05255126953125, 0.0311737060546875] -1 NA NA
testing_11 [-0.08563232421875, 0.034759521484375, -0.041839599609375, -0.035858154296875, 0.053863525390625, 0.01959228515625] -1 NA NA
training_87 [-0.1893310546875, 0.1474609375, -0.324462890625, 0.0191192626953125, 0.0177154541015625, 0.06121826171875] 5 NA NA
training_52 [-0.1202392578125, 0.1356201171875, -0.07916259765625, -0.01366424560546875, 0.0106964111328125, -0.0518798828125] 1 NA NA
8fb81715-2ca5-4e50-8327-dcd4f4a286a9_combined [-0.17236328125, 0.0487060546875, -0.1622314453125, 0.04742431640625, 0.08245849609375, -0.03314208984375] 4 NA NA
training_47 [-0.1748046875, 0.1318359375, -0.13037109375, -0.07122802734375, 0.0380859375, 0.0555419921875] 1 NA NA
Abuse008_x264 [-0.15673828125, 0.09326171875, -0.2305908203125, 0.15087890625, -0.024932861328125, -0.060791015625] 1 NA NA
Fighting032_x264 [-0.1376953125, 0.08880615234375, -0.212890625, 0.1705322265625, -0.0269317626953125, -0.102294921875] 1 NA NA
testing_5 [-0.0843505859375, 0.1552734375, -0.06976318359375, -0.044921875, -0.01641845703125, -0.049835205078125] 1 NA NA
Burglary008_x264 [-0.132080078125, 0.07684326171875, -0.3037109375, 0.17041015625, -0.0635986328125, 0.00725555419921875] 0 NA NA
training_29 [-0.1158447265625, 0.0499267578125, -0.120849609375, -0.029571533203125, 0.1290283203125, -0.02801513671875] 4 NA NA
training_65 [-0.328857421875, 0.10870361328125, -0.107421875, -0.123046875, 0.126708984375, 0.1153564453125] 5 NA NA
Robbery056_x264 [-0.2117919921875, 0.1456298828125, -0.329833984375, 0.312744140625, -0.08758544921875, -0.1751708984375] 3 NA NA
testing_2 [-0.1771240234375, 0.10382080078125, -0.273681640625, 0.0947265625, 0.0732421875, -0.06060791015625] 5 NA NA
Burglary031_x264 [-0.121826171875, 0.0543212890625, -0.246826171875, 0.2135009765625, -0.0645751953125, -0.055206298828125] 0 NA NA
training_60 [-0.10711669921875, 0.05841064453125, -0.06842041015625, -0.043060302734375, 0.06011962890625, 0.00960540771484375] 4 NA NA
training_93 [-0.130126953125, 0.043365478515625, -0.1444091796875, 0.00962066650390625, 0.1307373046875, -0.049407958984375] 4 NA NA
481cf802-6eec-4011-81bc-70d8b7cc769b_combined [-0.27294921875, 0.1473388671875, -0.468994140625, 0.257568359375, 0.135498046875, -0.2186279296875] 4 NA NA
e4c50c54-6c6b-42ae-a873-1c7443536372 [-0.1409912109375, 0.087890625, -0.1932373046875, 0.1083984375, 0.0634765625, -0.12646484375] 3 NA NA
training_81 [-0.10028076171875, 0.08038330078125, -0.09735107421875, -0.00762176513671875, 0.024383544921875, -0.002559661865234375] 1 NA NA
training_56 [-0.08575439453125, 0.0380859375, -0.0872802734375, -0.0117340087890625, 0.0498046875, 0.0178375244140625] 5 NA NA
training_130 [-0.1817626953125, 0.091796875, -0.1873779296875, -0.02239990234375, 0.1419677734375, -0.0309295654296875] 4 NA NA
training_16 [-0.027801513671875, 0.019378662109375, -0.013671875, 0.00708770751953125, 0.019927978515625, -0.033447265625] 1 NA NA
training_142 [-0.31201171875, 0.1590576171875, -0.41064453125, 0.055206298828125, 0.2138671875, -0.08160400390625] 4 NA NA
training_70 [-0.101318359375, 0.018951416015625, 0.184814453125, -0.027862548828125, -0.01837158203125, -0.055694580078125] 2 NA NA
Stealing071_x264 [-0.10247802734375, 0.0833740234375, -0.178466796875, 0.10357666015625, 0.045654296875, -0.11883544921875] 3 NA NA
Abuse044_x264 [-0.0888671875, 0.053985595703125, -0.0765380859375, -0.0111083984375, 0.00678253173828125, 0.0249176025390625] 1 NA NA
Robbery003_x264 [-0.09527587890625, 0.032379150390625, -0.139892578125, 0.1790771484375, -0.0379638671875, -0.093505859375] 3 NA NA
training_55 [-0.180419921875, 0.11492919921875, -0.134765625, -0.06396484375, 0.07879638671875, 0.0264892578125] 5 NA NA
training_2 [-0.0760498046875, 0.0987548828125, -0.041717529296875, -0.0106353759765625, -0.01544952392578125, -0.0350341796875] 1 NA NA
Stealing069_x264 [-0.1236572265625, 0.0782470703125, -0.2255859375, 0.16015625, 0.051513671875, -0.14892578125] 3 NA NA
Assault028_x264 [-0.1416015625, 0.122314453125, -0.212890625, 0.1077880859375, 0.027740478515625, -0.11529541015625] 1 NA NA
Shoplifting029_x264 [-0.1680908203125, 0.07794189453125, -0.237548828125, 0.206787109375, -0.0340576171875, -0.0911865234375] 3 NA NA
4059b615-970a-4184-8dfd-ef37f15b283f_combined [-0.089111328125, 0.06719970703125, -0.1624755859375, 0.0977783203125, 0.04052734375, -0.1048583984375] 4 NA NA
Stealing037_x264 [-0.185791015625, 0.15771484375, -0.279296875, 0.1568603515625, -0.037322998046875, -0.09954833984375] 3 NA NA
Robbery006_x264 [-0.2149658203125, 0.11431884765625, -0.436767578125, 0.44287109375, -0.1400146484375, -0.178466796875] 3 NA NA
Stealing094_x264 [-0.1187744140625, 0.08660888671875, -0.178955078125, 0.10552978515625, 0.028717041015625, -0.0992431640625] 3 NA NA
386f7adb-b84c-44c1-acf6-9037ecb35714 [-0.1710205078125, 0.06976318359375, -0.29736328125, 0.273193359375, -0.0192413330078125, -0.1484375] 3 NA NA
Burglary066_x264 [-0.09185791015625, 0.051116943359375, -0.210693359375, 0.1583251953125, 0.0201263427734375, -0.10894775390625] 0 NA NA
training_40 [-0.172607421875, 0.09136962890625, -0.179931640625, -0.033294677734375, 0.08447265625, 0.0377197265625] 5 NA NA
training_68 [-0.312255859375, 0.169189453125, -0.265380859375, -0.134521484375, 0.19580078125, 0.08563232421875] 5 NA NA
Abuse025_x264 [-0.11224365234375, 0.09130859375, -0.17822265625, 0.0972900390625, -0.03387451171875, -0.041412353515625] 1 NA NA
training_87 [-0.1307373046875, 0.142578125, -0.1412353515625, -0.0577392578125, 0.01006317138671875, 0.0185546875] 1 NA NA
cd3dc746-1293-45e1-ac03-d7e1a97760f4_combined [-0.205078125, 0.1405029296875, -0.271484375, 0.160400390625, 0.026092529296875, -0.135498046875] 4 NA NA
Burglary012_x264 [-0.1319580078125, 0.109130859375, -0.267578125, 0.1531982421875, -0.0703125, -0.030364990234375] 0 NA NA
Burglary009_x264 [-0.2318115234375, 0.151611328125, -0.488525390625, 0.284912109375, -0.0682373046875, -0.07513427734375] 0 NA NA
testing_25 [-0.07666015625, 0.10302734375, -0.0428466796875, -0.0210113525390625, -0.00847625732421875, -0.032928466796875] 1 NA NA
training_93 [-0.1495361328125, 0.09356689453125, -0.13330078125, -0.034027099609375, 0.056060791015625, 0.0297088623046875] 1 NA NA
Burglary077_x264 [-0.1600341796875, 0.09466552734375, -0.266357421875, 0.2427978515625, -0.06439208984375, -0.1131591796875] 0 NA NA
testing_23 [-0.26806640625, 0.12548828125, -0.16259765625, -0.0943603515625, 0.16845703125, 0.0204925537109375] 4 NA NA
Burglary089_x264 [-0.1451416015625, 0.10498046875, -0.32861328125, 0.1634521484375, -0.00034427642822265625, -0.06427001953125] 0 NA NA
training_53 [-0.06268310546875, 0.0287628173828125, -0.07861328125, -0.003421783447265625, 0.02587890625, 0.0205230712890625] 5 NA NA
testing_9 [-0.1636962890625, 0.163330078125, -0.209716796875, 0.0278778076171875, 0.038177490234375, -0.064453125] 1 NA NA
training_54 [-0.11395263671875, 0.18896484375, -0.1558837890625, 0.01422882080078125, -0.0260772705078125, -0.0875244140625] 1 NA NA
f7be13d4-852b-4a0d-86e8-45b913465090_combined [-0.1229248046875, 0.078369140625, -0.1961669921875, 0.09326171875, 0.0794677734375, -0.1136474609375] 3 NA NA
training_95 [-0.1455078125, 0.0160369873046875, -0.103759765625, -0.05487060546875, 0.1893310546875, -0.01003265380859375] 4 NA NA
Fighting036_x264 [-0.2288818359375, 0.159423828125, -0.309326171875, 0.13037109375, 0.03167724609375, -0.0936279296875] 1 NA NA
testing_8 [-0.142822265625, 0.02783203125, 0.2294921875, -0.040924072265625, -0.02813720703125, -0.051483154296875] 2 NA NA
training_72 [-0.1484375, 0.0576171875, -0.1373291015625, -0.0186767578125, 0.156494140625, -0.054046630859375] 4 NA NA
Burglary072_x264 [-0.2110595703125, 0.1383056640625, -0.37841796875, 0.212646484375, 0.01560211181640625, -0.1163330078125] 0 NA NA
training_196 [-0.306640625, 0.1646728515625, -0.339599609375, -0.00432586669921875, 0.181884765625, -0.02301025390625] 4 NA NA
testing_8 [-0.26513671875, 0.1173095703125, -0.275390625, -0.041534423828125, 0.2413330078125, -0.04327392578125] 4 NA NA
Burglary048_x264 [-0.1351318359375, 0.081787109375, -0.23388671875, 0.0992431640625, 0.007740020751953125, -0.025634765625] 0 NA NA
Assault023_x264 [-0.252685546875, 0.1864013671875, -0.406982421875, 0.1710205078125, 0.062255859375, -0.13134765625] 1 NA NA
17dc7d04-4430-4534-8ed4-38f8d9cc9ae9_combined [-0.10052490234375, 0.0672607421875, -0.159912109375, 0.137939453125, 0.01143646240234375, -0.12200927734375] 4 NA NA
training_17 [-0.205322265625, 0.162109375, -0.251953125, 0.01397705078125, 0.0975341796875, -0.0628662109375] 4 NA NA
training_91 [-0.23876953125, 0.1151123046875, -0.2489013671875, -0.01296234130859375, 0.08038330078125, 0.0667724609375] 5 NA NA
testing_15 [-0.08416748046875, 0.11041259765625, -0.050933837890625, -0.027252197265625, -0.004482269287109375, -0.0294952392578125] 1 NA NA
testing_7 [-0.2176513671875, 0.08612060546875, -0.1624755859375, -0.07806396484375, 0.10125732421875, 0.087890625] 5 NA NA
training_3 [-0.165283203125, 0.046844482421875, 0.1307373046875, -0.0374755859375, 0.0023403167724609375, -0.0307769775390625] 2 NA NA
Stealing054_x264 [-0.029754638671875, 0.0200958251953125, -0.039886474609375, 0.0635986328125, -0.00830841064453125, -0.05767822265625] 3 NA NA
f3be952f-7a3e-429c-bb25-5b0f8c8ac916_combined [-0.2254638671875, 0.07110595703125, -0.445556640625, 0.43310546875, -0.044952392578125, -0.1995849609375] 4 NA NA
training_9 [-0.09930419921875, 0.1112060546875, -0.056427001953125, -0.0114593505859375, 0.0003924369812011719, -0.040496826171875] 1 NA NA
testing_10 [-0.1304931640625, 0.0311279296875, 0.1964111328125, -0.037261962890625, -0.0169677734375, -0.052520751953125] 2 NA NA
training_56 [-0.09735107421875, 0.01136016845703125, 0.139404296875, -0.01812744140625, -0.003543853759765625, -0.0316162109375] 2 NA NA
training_4 [-0.1556396484375, 0.036834716796875, 0.1912841796875, -0.034698486328125, -0.023345947265625, -0.044097900390625] 2 NA NA
training_61 [-0.133056640625, 0.0289459228515625, 0.2113037109375, -0.026275634765625, -0.0350341796875, -0.0574951171875] 2 NA NA
Robbery089_x264 [-0.1600341796875, 0.133544921875, -0.239990234375, 0.1656494140625, -0.034881591796875, -0.11004638671875] 3 NA NA
training_36 [-0.03375244140625, 0.039276123046875, -0.01071929931640625, -0.02508544921875, -0.00193023681640625, 0.00118255615234375] 1 NA NA
fdacbba7-db40-4582-92ad-c3710db32e3f_combined [-0.1468505859375, 0.032196044921875, -0.390380859375, 0.405029296875, -0.06768798828125, -0.1744384765625] 3 NA NA
Assault046_x264 [-0.18408203125, 0.138671875, -0.306640625, 0.2203369140625, -0.026641845703125, -0.150390625] 1 NA NA
testing_31 [-0.1485595703125, 0.060943603515625, -0.116943359375, -0.09033203125, 0.12744140625, 0.05657958984375] 4 NA NA
fb33df3f-e915-4806-b4d2-bbd816695713_combined [-0.2098388671875, 0.08392333984375, -0.2197265625, 0.09844970703125, 0.1220703125, -0.1263427734375] 4 NA NA
Shoplifting012_x264 [-0.14013671875, 0.0672607421875, -0.15087890625, 0.144287109375, -0.07464599609375, -0.031951904296875] 3 NA NA
training_36 [-0.231689453125, 0.105224609375, -0.30712890625, -0.028961181640625, 0.176025390625, 0.02386474609375] 4 NA NA
testing_11 [-0.1663818359375, 0.2347412109375, -0.2139892578125, 0.00445556640625, 0.004093170166015625, -0.10064697265625] 1 NA NA
testing_9 [-0.08782958984375, 0.04461669921875, -0.0748291015625, -0.03466796875, 0.016448974609375, 0.05859375] 5 NA NA
Robbery114_x264 [-0.11956787109375, 0.102294921875, -0.2110595703125, 0.162841796875, -0.041778564453125, -0.0999755859375] 3 NA NA
training_59 [-0.060577392578125, 0.10931396484375, -0.0244598388671875, -0.033966064453125, -0.0084228515625, -0.0504150390625] 1 NA NA
e6d436cd-be3c-4ba6-892b-86a695eeb591 [-0.1163330078125, 0.0738525390625, -0.1634521484375, 0.09002685546875, 0.053680419921875, -0.10504150390625] 3 NA NA
Burglary022_x264 [-0.042022705078125, 0.054046630859375, -0.10748291015625, 0.048065185546875, 0.00296783447265625, -0.044525146484375] 0 NA NA
Robbery079_x264 [-0.186767578125, 0.1038818359375, -0.260009765625, 0.251708984375, -0.04779052734375, -0.1470947265625] 3 NA NA
Shoplifting028_x264 [-0.2025146484375, 0.11065673828125, -0.2252197265625, 0.188720703125, -0.0064239501953125, -0.1268310546875] 3 NA NA
Shoplifting017_x264 [-0.2470703125, 0.12890625, -0.52880859375, 0.490234375, -0.12298583984375, -0.197021484375] 3 NA NA
training_19 [-0.07501220703125, 0.0943603515625, -0.06390380859375, -0.0213165283203125, -0.01125335693359375, -0.0037441253662109375] 1 NA NA
training_98 [-0.3349609375, 0.159912109375, -0.322998046875, -0.1424560546875, 0.2548828125, 0.09442138671875] 4 NA NA
testing_14 [-0.306884765625, 0.2052001953125, -0.27880859375, -0.06915283203125, 0.07440185546875, 0.07574462890625] 5 NA NA
4191422d-81c6-456e-9a01-fa5d7b796de8_combined [-0.1268310546875, 0.09368896484375, -0.2325439453125, 0.1329345703125, 0.052825927734375, -0.134521484375] 3 NA NA
testing_16 [-0.11883544921875, 0.052581787109375, -0.09619140625, -0.056640625, 0.0386962890625, 0.09185791015625] 5 NA NA
training_45 [-0.0482177734375, 0.0252532958984375, -0.046630859375, 0.0205535888671875, 0.0228424072265625, -0.03326416015625] 1 NA NA
testing_10 [-0.06781005859375, 0.09698486328125, -0.031402587890625, -0.0151214599609375, -0.0113677978515625, -0.04315185546875] 1 NA NA
testing_34 [-0.06707763671875, 0.1666259765625, -0.0814208984375, -0.056365966796875, -0.03314208984375, -0.038055419921875] 1 NA NA
training_9 [-0.06854248046875, 0.10205078125, -0.029144287109375, -0.01580810546875, -0.0173492431640625, -0.043212890625] 1 NA NA
2c3f1c1f-3e8f-4e5b-b388-21b7acb3b914_combined [-0.0989990234375, 0.0043182373046875, -0.160400390625, 0.06719970703125, 0.08026123046875, -0.0328369140625] 4 NA NA
training_5 [-0.140869140625, 0.1080322265625, -0.1785888671875, 0.01275634765625, 0.044036865234375, -0.021209716796875] 1 NA NA
Assault006_x264 [-0.1820068359375, 0.1376953125, -0.296142578125, 0.173583984375, -0.07843017578125, -0.048309326171875] 1 NA NA
training_34 [-0.3251953125, 0.2015380859375, -0.382080078125, -0.033905029296875, 0.196533203125, -0.00978851318359375] 4 NA NA
training_60 [-0.191162109375, 0.08917236328125, -0.1239013671875, -0.04071044921875, 0.036590576171875, 0.07318115234375] 5 NA NA
training_14 [-0.279541015625, 0.12261962890625, -0.26318359375, -0.08575439453125, 0.1759033203125, 0.08489990234375] 5 NA NA
Robbery118_x264 [-0.208251953125, 0.1263427734375, -0.40087890625, 0.322265625, -0.06719970703125, -0.1414794921875] 3 NA NA
training_96 [-0.16845703125, 0.1513671875, -0.1441650390625, -0.0164794921875, -0.00909423828125, 0.01374053955078125] 1 NA NA
training_7 [-0.10955810546875, 0.061492919921875, -0.133544921875, 0.00366973876953125, 0.0771484375, -0.023834228515625] 4 NA NA
f84dba8e-ce0f-4b77-8e97-c94aab3b4cc6_combined [-0.12939453125, 0.079833984375, -0.233154296875, 0.16552734375, 0.03009033203125, -0.1318359375] 4 NA NA
training_72 [-0.1416015625, 0.0303955078125, 0.1710205078125, -0.06756591796875, 0.007343292236328125, -0.0161895751953125] 2 NA NA
Robbery139_x264 [-0.08612060546875, 0.0347900390625, -0.11248779296875, 0.125244140625, -0.0182952880859375, -0.07275390625] 3 NA NA
Assault050_x264 [-0.1866455078125, 0.11749267578125, -0.27490234375, 0.255126953125, -0.08367919921875, -0.11749267578125] 1 NA NA
training_27 [-0.14208984375, 0.0330810546875, 0.19091796875, -0.045501708984375, -0.004604339599609375, -0.05010986328125] 2 NA NA
Assault052_x264 [-0.1845703125, 0.159912109375, -0.2320556640625, 0.10223388671875, 0.00167083740234375, -0.096435546875] 1 NA NA
training_55 [-0.08685302734375, 0.144287109375, -0.1142578125, 0.00733184814453125, -0.0190277099609375, -0.06597900390625] 1 NA NA
training_190 [-0.1619873046875, 0.09417724609375, -0.1593017578125, -0.0411376953125, 0.0963134765625, 0.01629638671875] 4 NA NA
training_33 [-0.0836181640625, 0.11492919921875, -0.058685302734375, -0.0009984970092773438, 0.0028629302978515625, -0.0709228515625] 1 NA NA
training_24 [-0.269287109375, 0.1629638671875, -0.2064208984375, -0.1318359375, 0.126708984375, 0.10321044921875] 4 NA NA
training_17 [-0.1453857421875, 0.1380615234375, -0.18212890625, 0.039306640625, -0.005229949951171875, -0.03204345703125] 1 NA NA
Robbery045_x264 [-0.2164306640625, 0.1297607421875, -0.41796875, 0.3544921875, -0.12127685546875, -0.11358642578125] 3 NA NA
training_47 [-0.07672119140625, 0.122802734375, -0.04339599609375, 0.006946563720703125, -0.0143585205078125, -0.0869140625] 1 NA NA
testing_16 [-0.0775146484375, 0.10296630859375, -0.044586181640625, -0.0251617431640625, -0.00490570068359375, -0.02960205078125] 1 NA NA
Robbery018_x264 [-0.2237548828125, 0.0777587890625, -0.35888671875, 0.417724609375, -0.11309814453125, -0.177978515625] 3 NA NA
Robbery028_x264 [-0.124755859375, 0.07452392578125, -0.280029296875, 0.258544921875, -0.0589599609375, -0.1268310546875] 3 NA NA
testing_1 [-0.137451171875, 0.0416259765625, 0.1810302734375, -0.039947509765625, -0.01226043701171875, -0.055267333984375] 2 NA NA
Abuse026_x264 [-0.202392578125, 0.130859375, -0.22607421875, 0.09375, 0.0220947265625, -0.06390380859375] 1 NA NA
training_82 [-0.1343994140625, 0.1484375, -0.1800537109375, -0.048065185546875, 0.050872802734375, -0.0027923583984375] 1 NA NA
training_72 [-0.1968994140625, 0.162353515625, -0.24169921875, 0.018707275390625, 0.055755615234375, -0.0289154052734375] 1 NA NA
testing_11 [-0.16552734375, 0.02471923828125, 0.23095703125, -0.04901123046875, -0.01146697998046875, -0.050201416015625] 2 NA NA
Fighting045_x264 [-0.1776123046875, 0.11322021484375, -0.2587890625, 0.1727294921875, 0.009246826171875, -0.12066650390625] 1 NA NA
training_47 [-0.1280517578125, 0.0181884765625, 0.20703125, -0.0218353271484375, -0.019256591796875, -0.065185546875] 2 NA NA
training_64 [-0.162841796875, 0.185302734375, -0.133544921875, -0.01088714599609375, 0.0087890625, -0.068359375] 1 NA NA
training_63 [-0.11383056640625, 0.0797119140625, -0.0936279296875, -0.026519775390625, 0.041259765625, 0.0081939697265625] 1 NA NA
Stealing036_x264 [-0.1265869140625, 0.07562255859375, -0.179931640625, 0.1693115234375, -0.018524169921875, -0.11614990234375] 3 NA NA
78c2f2ca-bb06-4878-9e7c-d3e84d0add6d_combined [-0.1875, 0.06365966796875, -0.295166015625, 0.1650390625, 0.0830078125, -0.1005859375] 4 NA NA
Burglary057_x264 [-0.07177734375, 0.0706787109375, -0.1778564453125, 0.15234375, -0.048980712890625, -0.08343505859375] 0 NA NA
a582bff9-d191-4184-a32d-0cfe28f13938_combined [-0.10821533203125, 0.055877685546875, -0.1715087890625, 0.1328125, 0.005397796630859375, -0.08599853515625] 4 NA NA
training_143 [-0.29296875, 0.2054443359375, -0.30322265625, -0.0283355712890625, 0.1346435546875, -0.034881591796875] 4 NA NA
Burglary088_x264 [-0.1412353515625, 0.1324462890625, -0.2393798828125, 0.144287109375, -0.004940032958984375, -0.12457275390625] 0 NA NA
Stealing107_x264 [-0.151611328125, 0.125732421875, -0.267822265625, 0.2374267578125, -0.06292724609375, -0.1507568359375] 3 NA NA
training_50 [-0.087890625, 0.12030029296875, -0.07171630859375, -0.01568603515625, 0.00539398193359375, -0.04669189453125] 1 NA NA
training_83 [-0.11883544921875, 0.0799560546875, -0.103515625, -0.01995849609375, 0.0438232421875, 0.00559234619140625] 1 NA NA
testing_7 [-0.06488037109375, 0.09716796875, -0.0230865478515625, -0.0179595947265625, -0.0161895751953125, -0.042022705078125] 1 NA NA
training_83 [-0.21923828125, 0.1678466796875, -0.2010498046875, 0.01163482666015625, 0.0255126953125, -0.025146484375] 5 NA NA
Stealing106_x264 [-0.1597900390625, 0.12091064453125, -0.319580078125, 0.228515625, 0.0138092041015625, -0.1741943359375] 3 NA NA
training_149 [-0.205322265625, 0.10040283203125, -0.244140625, 0.01514434814453125, 0.1719970703125, -0.07354736328125] 4 NA NA
training_15 [-0.1640625, 0.034637451171875, 0.2086181640625, -0.041778564453125, -0.0184783935546875, -0.04705810546875] 2 NA NA
Burglary046_x264 [-0.10302734375, 0.0997314453125, -0.164794921875, 0.1387939453125, -0.052398681640625, -0.0936279296875] 0 NA NA
training_68 [-0.183349609375, 0.10687255859375, -0.1448974609375, -0.11859130859375, 0.08221435546875, 0.11083984375] 1 NA NA
training_4 [-0.1298828125, 0.06396484375, -0.1278076171875, -0.0184783935546875, 0.072021484375, 0.00775909423828125] 4 NA NA
training_24 [-0.0845947265625, 0.157958984375, -0.136474609375, 0.037353515625, -0.057952880859375, -0.06622314453125] 1 NA NA
training_171 [-0.266357421875, 0.09881591796875, -0.262939453125, -0.05072021484375, 0.242919921875, -0.01251220703125] 4 NA NA
training_42 [-0.07769775390625, 0.07275390625, -0.11517333984375, 0.062103271484375, -0.03143310546875, -0.02655029296875] 1 NA NA
Robbery046_x264 [-0.1104736328125, 0.005840301513671875, -0.09735107421875, -0.007373809814453125, 0.0767822265625, 0.043212890625] 3 NA NA
training_17 [-0.1533203125, 0.1634521484375, -0.124267578125, -0.045074462890625, 0.0372314453125, -0.0330810546875] 1 NA NA
training_91 [-0.09783935546875, 0.04986572265625, -0.078369140625, -0.019195556640625, 0.037139892578125, 0.02001953125] 4 NA NA
training_107 [-0.12005615234375, 0.056640625, -0.1285400390625, 0.02587890625, 0.05438232421875, -0.022705078125] 4 NA NA
training_75 [-0.11163330078125, 0.065185546875, -0.109619140625, -0.0137786865234375, 0.0408935546875, 0.0159149169921875] 5 NA NA
testing_25 [-0.14990234375, 0.07769775390625, -0.040740966796875, -0.09649658203125, 0.035980224609375, 0.08172607421875] 1 NA NA
training_69 [-0.17529296875, 0.1519775390625, -0.1881103515625, 0.040374755859375, -0.0089111328125, -0.03582763671875] 1 NA NA
Stealing086_x264 [-0.145263671875, 0.083740234375, -0.283203125, 0.1849365234375, 0.062408447265625, -0.151611328125] 3 NA NA
training_99 [-0.1478271484375, 0.0869140625, -0.1396484375, 0.0013647079467773438, 0.05694580078125, -0.004627227783203125] 4 NA NA
training_103 [-0.2066650390625, 0.11669921875, -0.199462890625, -0.04595947265625, 0.025970458984375, 0.1190185546875] 5 NA NA
Robbery047_x264 [-0.0968017578125, 0.03521728515625, -0.1763916015625, 0.1929931640625, -0.028839111328125, -0.1038818359375] 3 NA NA
Assault009_x264 [-0.159423828125, 0.1024169921875, -0.266845703125, 0.170166015625, -0.03692626953125, -0.0684814453125] 1 NA NA
b030aef1-ae5b-4706-85bb-f98e5ea3442f_combined [-0.2117919921875, 0.133544921875, -0.260009765625, 0.1087646484375, 0.087646484375, -0.134033203125] 4 NA NA
Stealing070_x264 [-0.146484375, 0.110595703125, -0.2447509765625, 0.1396484375, 0.05853271484375, -0.1502685546875] 3 NA NA
Fighting022_x264 [-0.05230712890625, 0.056121826171875, -0.04339599609375, 0.0288543701171875, -0.0220947265625, -0.03131103515625] 1 NA NA
Robbery062_x264 [-0.1658935546875, 0.09002685546875, -0.320556640625, 0.2734375, -0.06988525390625, -0.110595703125] 3 NA NA
training_74 [-0.095947265625, 0.164794921875, -0.09228515625, -0.0399169921875, -0.0175628662109375, -0.044830322265625] 1 NA NA
training_79 [-0.044830322265625, 0.1068115234375, -0.0565185546875, 0.0096588134765625, -0.034698486328125, -0.06396484375] 1 NA NA
Assault030_x264 [-0.1513671875, 0.1295166015625, -0.2498779296875, 0.158935546875, -0.0175628662109375, -0.11724853515625] 1 NA NA
testing_3 [-0.06939697265625, 0.096923828125, -0.0277099609375, -0.0163116455078125, -0.0130615234375, -0.0396728515625] 1 NA NA
testing_32 [-0.1026611328125, 0.1072998046875, -0.05328369140625, -0.00519561767578125, 0.00353240966796875, -0.0469970703125] 1 NA NA
training_56 [-0.07733154296875, 0.104736328125, -0.043548583984375, -0.0206451416015625, -0.00952911376953125, -0.0333251953125] 1 NA NA
testing_5 [-0.058837890625, 0.08660888671875, -0.0330810546875, -0.005146026611328125, -0.0126190185546875, -0.0447998046875] 1 NA NA
training_147 [-0.228759765625, 0.10296630859375, -0.14892578125, -0.04449462890625, 0.173095703125, -0.057830810546875] 4 NA NA
training_90 [-0.1087646484375, 0.1817626953125, -0.115234375, -0.04449462890625, -0.014373779296875, -0.048675537109375] 1 NA NA
training_37 [-0.08447265625, 0.10003662109375, -0.09295654296875, 0.01018524169921875, -0.0170135498046875, -0.0263824462890625] 1 NA NA
training_76 [-0.1055908203125, 0.1470947265625, -0.09442138671875, -0.0251312255859375, -0.0016202926635742188, -0.0474853515625] 1 NA NA
training_74 [-0.11602783203125, 0.09149169921875, -0.10906982421875, 0.0022830963134765625, 0.00669097900390625, 0.005466461181640625] 1 NA NA
training_24 [-0.07733154296875, 0.10186767578125, -0.03302001953125, -0.032012939453125, -0.006946563720703125, -0.0258941650390625] 1 NA NA
training_151 [-0.1636962890625, 0.056915283203125, -0.1822509765625, -0.053253173828125, 0.19921875, -0.0207977294921875] 4 NA NA
training_63 [-0.1507568359375, 0.2269287109375, -0.1995849609375, -0.040679931640625, -0.0196380615234375, -0.02667236328125] 1 NA NA
training_10 [-0.184326171875, 0.103271484375, -0.19140625, -0.02044677734375, 0.05255126953125, 0.06939697265625] 5 NA NA
training_66 [-0.154052734375, 0.03900146484375, -0.12646484375, -0.031097412109375, 0.1334228515625, 0.00739288330078125] 4 NA NA
training_2 [-0.1781005859375, 0.132568359375, -0.142578125, -0.038116455078125, 0.00142669677734375, 0.078369140625] 5 NA NA
Shoplifting048_x264 [-0.128662109375, 0.048370361328125, -0.147216796875, 0.175048828125, -0.051666259765625, -0.07562255859375] 3 NA NA
training_82 [-0.251708984375, 0.2276611328125, -0.2626953125, -0.0176544189453125, 0.01678466796875, 0.01143646240234375] 1 NA NA
video_15 [-0.08892822265625, 0.034149169921875, -0.11004638671875, 0.0338134765625, -0.059051513671875, 0.08746337890625] 5 NA NA
video_18 [-0.09991455078125, 0.041778564453125, -0.156982421875, 0.048187255859375, -0.018798828125, 0.058013916015625] 5 NA NA
video_44 [-0.12841796875, 0.0297393798828125, -0.21826171875, 0.011932373046875, -0.0267181396484375, 0.172607421875] 5 NA NA
video_10 [-0.136962890625, 0.046905517578125, -0.12213134765625, -0.03607177734375, -0.007480621337890625, 0.1380615234375] 5 NA NA
video_9 [-0.106201171875, 0.05029296875, -0.1024169921875, 0.00801849365234375, -0.0267486572265625, 0.0693359375] 5 NA NA
video_42 [-0.123291015625, 0.0309295654296875, -0.1522216796875, 0.0071563720703125, 0.02789306640625, 0.0823974609375] 5 NA NA
video_48 [-0.1910400390625, 0.040618896484375, -0.298095703125, 0.0129241943359375, 0.0002262592315673828, 0.216796875] 5 NA NA
video_56 [-0.10955810546875, 0.049468994140625, -0.1553955078125, 0.003170013427734375, -0.012542724609375, 0.0980224609375] 5 NA NA
video_41 [-0.12139892578125, 0.042755126953125, -0.1767578125, 0.0027313232421875, 0.0005426406860351562, 0.11224365234375] 5 NA NA
training_56 [-0.073974609375, 0.07379150390625, -0.054656982421875, -0.03863525390625, 0.04412841796875, -0.0216827392578125] -1 NA NA
training_10 [-0.047821044921875, 0.03668212890625, -0.03009033203125, -0.0153350830078125, 0.03759765625, -0.0213775634765625] -1 NA NA
testing_11 [-0.0283203125, 0.03277587890625, 0.0033168792724609375, -0.01403045654296875, 0.017425537109375, -0.034637451171875] -1 NA NA
training_64 [-0.030426025390625, 0.0158538818359375, -0.0240936279296875, 0.00946044921875, 0.0194854736328125, -0.01654052734375] -1 NA NA
training_54 [-0.0308837890625, 0.0235595703125, -0.00556182861328125, -0.0006470680236816406, 0.017425537109375, -0.0267333984375] -1 NA NA
testing_13 [-0.037841796875, 0.0212249755859375, -0.01849365234375, -0.00934600830078125, 0.0299224853515625, -0.0137786865234375] -1 NA NA
testing_22 [-0.086669921875, 0.11260986328125, -0.055511474609375, -0.0218963623046875, -0.003482818603515625, -0.042266845703125] -1 NA NA
training_41 [-0.0286712646484375, 0.02435302734375, -0.0140228271484375, -0.000400543212890625, 0.0210113525390625, -0.027801513671875] -1 NA NA
training_9 [-0.033416748046875, 0.0269317626953125, -0.0309295654296875, -0.0018310546875, 0.02581787109375, -0.0208740234375] -1 NA NA
testing_19 [-0.038726806640625, 0.029541015625, -0.03619384765625, -0.02215576171875, 0.035980224609375, 0.000789642333984375] -1 NA NA
testing_24 [-0.035430908203125, 0.0298004150390625, -0.03564453125, -0.0118255615234375, 0.025177001953125, -0.007343292236328125] -1 NA NA
training_57 [-0.05548095703125, 0.0399169921875, -0.0307159423828125, -0.018707275390625, 0.049896240234375, -0.030670166015625] -1 NA NA
training_49 [-0.039306640625, 0.04571533203125, -0.055511474609375, 0.01508331298828125, 0.007373809814453125, -0.034515380859375] -1 NA NA
training_11 [-0.027862548828125, 0.0238189697265625, -0.00885772705078125, -0.0015878677368164062, 0.0191650390625, -0.02581787109375] -1 NA NA
training_12 [-0.04644775390625, 0.044189453125, -0.06427001953125, -0.0245819091796875, 0.03448486328125, 0.00925445556640625] -1 NA NA
training_42 [-0.0279998779296875, -0.0036449432373046875, -0.01087188720703125, -0.00899505615234375, 0.0025787353515625, 0.04010009765625] -1 NA NA
training_60 [-0.03851318359375, 0.0038204193115234375, -0.033660888671875, -0.006381988525390625, 0.0049285888671875, 0.046356201171875] -1 NA NA
training_68 [-0.036285400390625, -0.01091766357421875, -0.06298828125, 0.017242431640625, 0.04669189453125, 0.014068603515625] -1 NA NA
training_69 [-0.0099334716796875, -0.0007739067077636719, -0.0002028942108154297, -0.0207672119140625, -0.001552581787109375, 0.035797119140625] -1 NA NA
training_29 [-0.0435791015625, -0.0021266937255859375, -0.06414794921875, -0.00811767578125, 0.026824951171875, 0.057891845703125] -1 NA NA
testing_13 [-0.0709228515625, 0.007251739501953125, -0.114990234375, -0.007843017578125, 0.05096435546875, 0.06573486328125] -1 NA NA
training_75 [-0.027801513671875, -0.00638580322265625, -0.031646728515625, 0.006473541259765625, 0.01206207275390625, 0.0291290283203125] -1 NA NA
training_57 [0.0035953521728515625, -0.018646240234375, 0.01016998291015625, 0.00811004638671875, -0.01800537109375, 0.0323486328125] -1 NA NA
training_63 [-0.01385498046875, -0.01027679443359375, -0.03375244140625, -0.00614166259765625, 0.007404327392578125, 0.045684814453125] -1 NA NA
training_28 [-0.0223388671875, -0.00995635986328125, -0.0550537109375, 0.007282257080078125, 0.01540374755859375, 0.042327880859375] -1 NA NA
training_9 [-0.04150390625, 0.0157470703125, -0.01189422607421875, -0.03369140625, 0.01039886474609375, 0.040252685546875] -1 NA NA
training_20 [-0.0266571044921875, 0.00615692138671875, -0.0265655517578125, -0.00768280029296875, 0.0007295608520507812, 0.0377197265625] -1 NA NA
testing_8 [-0.013397216796875, -0.006023406982421875, -0.0279388427734375, 0.01155853271484375, 0.0035305023193359375, 0.0198211669921875] -1 NA NA
training_32 [-0.038055419921875, 0.00016939640045166016, -0.06298828125, 0.0186767578125, 0.02044677734375, 0.02325439453125] -1 NA NA
testing_20 [-0.054412841796875, 0.01873779296875, -0.03533935546875, -0.0095062255859375, -0.01227569580078125, 0.062042236328125] -1 NA NA
training_65 [-0.043853759765625, 0.049041748046875, -0.051788330078125, 0.004062652587890625, 0.002826690673828125, -0.0193023681640625] -1 NA NA
testing_4 [-0.00859832763671875, 0.00482940673828125, -0.0167083740234375, -0.01464080810546875, 0.0223541259765625, 0.0032444000244140625] -1 NA NA
training_61 [-0.09893798828125, 0.043975830078125, -0.10601806640625, 0.045440673828125, 0.0132904052734375, -0.01468658447265625] -1 NA NA
training_37 [-0.049224853515625, 0.024658203125, -0.051910400390625, 0.004764556884765625, 0.0234832763671875, -0.00910186767578125] -1 NA NA
testing_26 [-0.116943359375, 0.032806396484375, -0.12103271484375, 0.00098419189453125, 0.0723876953125, 0.01367950439453125] -1 NA NA
training_5 [-0.060394287109375, 0.0582275390625, -0.0367431640625, -0.0191650390625, 0.01250457763671875, -0.01470184326171875] -1 NA NA
training_9 [-0.05877685546875, 0.052642822265625, -0.04705810546875, 0.000896453857421875, -0.003387451171875, -0.0027484893798828125] -1 NA NA
training_20 [-0.05938720703125, 0.031494140625, -0.08013916015625, 0.007015228271484375, 0.043060302734375, -0.0196533203125] -1 NA NA
testing_17 [-0.06536865234375, 0.0269317626953125, -0.11712646484375, -0.01459503173828125, 0.07012939453125, 0.0226898193359375] -1 NA NA
training_18 [-0.095458984375, 0.05535888671875, -0.12225341796875, -0.0107574462890625, 0.05908203125, -0.00743865966796875] -1 NA NA
training_50 [-0.0638427734375, 0.0462646484375, -0.1185302734375, 0.03314208984375, 0.0257415771484375, -0.02056884765625] -1 NA NA
training_55 [-0.08538818359375, 0.0439453125, -0.09912109375, 0.024932861328125, 0.0300445556640625, -0.0193023681640625] -1 NA NA
training_25 [-0.0716552734375, 0.035125732421875, -0.08343505859375, -0.0025653839111328125, 0.053619384765625, -0.0084381103515625] -1 NA NA
testing_12 [-0.0731201171875, 0.05279541015625, -0.089111328125, -0.048370361328125, 0.058868408203125, 0.0275421142578125] -1 NA NA
training_69 [-0.151123046875, 0.06182861328125, -0.1651611328125, 0.020965576171875, 0.06689453125, -0.00150299072265625] -1 NA NA
training_13 [-0.0219268798828125, -0.027801513671875, 0.00438690185546875, -0.0011701583862304688, 0.041839599609375, 0.0004992485046386719] -1 NA NA
training_30 [-0.0160980224609375, 0.00461578369140625, -0.0110626220703125, 0.020599365234375, -0.005535125732421875, -0.014617919921875] -1 NA NA
testing_4 [-0.0164642333984375, -0.01042938232421875, 0.0027980804443359375, -0.0013704299926757812, 0.0180816650390625, 0.002147674560546875] -1 NA NA
training_33 [0.004772186279296875, -0.038360595703125, 0.03582763671875, -0.0191497802734375, 0.0142974853515625, 0.0186614990234375] -1 NA NA
training_47 [0.000850677490234375, -0.0232696533203125, 0.0178985595703125, -0.017303466796875, 0.01531219482421875, 0.0201873779296875] -1 NA NA
training_74 [-0.04534912109375, 0.0145721435546875, -0.009246826171875, -0.00177001953125, 0.0184173583984375, -0.0111083984375] -1 NA NA
testing_25 [-0.06292724609375, 0.05804443359375, -0.0596923828125, -0.0010824203491210938, 0.02752685546875, -0.034942626953125] -1 NA NA
testing_18 [-0.0184478759765625, -0.0007023811340332031, -0.0121612548828125, 0.00888824462890625, 0.01031494140625, -0.0081329345703125] -1 NA NA
training_40 [-0.034912109375, 0.01122283935546875, -0.0196685791015625, -0.03680419921875, 0.0433349609375, 0.011749267578125] -1 NA NA
training_65 [-0.00531768798828125, 0.0050811767578125, 0.0257110595703125, -0.0080413818359375, 0.003345489501953125, -0.0176544189453125] -1 NA NA
training_64 [-0.01235198974609375, 0.005046844482421875, 0.011383056640625, -0.00870513916015625, 0.0181884765625, -0.0178680419921875] -1 NA NA
training_9 [-0.026214599609375, 0.01099395751953125, -0.0350341796875, -0.0052490234375, 0.01190948486328125, 0.006237030029296875] -1 NA NA
training_42 [-0.044525146484375, 0.0273284912109375, -0.060333251953125, 0.00980377197265625, 0.04681396484375, -0.040130615234375] -1 NA NA
training_62 [-0.00469207763671875, -0.0230560302734375, 0.01168060302734375, 0.007518768310546875, 0.0120849609375, -0.005157470703125] -1 NA NA
training_52 [-0.034423828125, 0.031402587890625, -0.018646240234375, -6.788969039916992e-05, 0.024749755859375, -0.03668212890625] -1 NA NA
training_74 [-0.138916015625, 0.1107177734375, -0.09136962890625, -0.008148193359375, 0.0284881591796875, -0.033050537109375] -1 NA NA
testing_2 [-0.06085205078125, 0.032012939453125, -0.0255584716796875, -0.027099609375, 0.0318603515625, 0.00583648681640625] -1 NA NA
training_22 [-0.042449951171875, 0.034576416015625, -0.036407470703125, -0.031585693359375, 0.034210205078125, 0.0025997161865234375] -1 NA NA
training_86 [-0.0372314453125, 0.02496337890625, 0.034149169921875, -0.061004638671875, 0.03204345703125, 0.00696563720703125] -1 NA NA
training_45 [-0.07257080078125, 0.046966552734375, -0.04180908203125, -0.02001953125, 0.027008056640625, -0.0031185150146484375] -1 NA NA
training_48 [-0.12005615234375, 0.0889892578125, -0.045013427734375, -0.106689453125, 0.056365966796875, 0.054229736328125] -1 NA NA
training_10 [-0.02252197265625, 0.0237274169921875, 0.0126190185546875, -0.024658203125, 0.0222930908203125, -0.01507568359375] -1 NA NA
training_25 [-0.042022705078125, 0.0295867919921875, -0.0750732421875, 0.044525146484375, 0.00411224365234375, -0.034881591796875] -1 NA NA
training_6 [-0.03094482421875, 0.0287017822265625, 0.0277862548828125, -0.03973388671875, 0.0250701904296875, -0.0194091796875] -1 NA NA
training_19 [-0.093017578125, 0.0667724609375, -0.06939697265625, -0.06158447265625, 0.0533447265625, 0.0250701904296875] -1 NA NA
training_12 [-0.068115234375, 0.05511474609375, 0.04522705078125, -0.07470703125, 0.043487548828125, -0.006893157958984375] -1 NA NA
training_40 [-0.07379150390625, 0.0265655517578125, -0.00666046142578125, -0.058380126953125, 0.062408447265625, 0.0218353271484375] -1 NA NA
testing_25 [-0.063720703125, 0.055633544921875, -0.035247802734375, -0.034759521484375, 0.01458740234375, 0.01117706298828125] -1 NA NA
training_54 [-0.029510498046875, 0.0325927734375, 0.009368896484375, -0.035400390625, 0.01416015625, -0.0026035308837890625] -1 NA NA
training_13 [-0.0673828125, 0.041168212890625, 0.05926513671875, -0.09295654296875, 0.052398681640625, 0.0190582275390625] -1 NA NA
testing_5 [-0.291259765625, 0.1375732421875, -0.2783203125, -0.07867431640625, 0.214111328125, 0.0228729248046875] 4 NA NA
training_35 [-0.1539306640625, 0.1680908203125, -0.169921875, -0.053955078125, 0.025787353515625, 0.01100921630859375] 1 NA NA
training_64 [-0.05059814453125, 0.029296875, -0.041473388671875, 0.023223876953125, 0.023712158203125, -0.042816162109375] 4 NA NA
training_5 [-0.06817626953125, 0.0946044921875, -0.02764892578125, -0.0170745849609375, -0.0144195556640625, -0.0361328125] 1 NA NA
video_39 [-0.1658935546875, 0.0469970703125, -0.273193359375, 0.00928497314453125, -0.0166473388671875, 0.196533203125] 5 NA NA
training_77 [-0.1396484375, 0.1239013671875, -0.14111328125, 0.0093841552734375, 0.0204010009765625, -0.03155517578125] 1 NA NA
training_4 [-0.07550048828125, 0.09375, -0.07470703125, -0.0206451416015625, -0.007686614990234375, -0.0009937286376953125] 1 NA NA
training_67 [-0.2125244140625, 0.1771240234375, -0.2042236328125, 0.00405120849609375, -0.0004482269287109375, 0.008148193359375] 1 NA NA
Burglary070_x264 [-0.2337646484375, 0.1112060546875, -0.483642578125, 0.38134765625, -0.0390625, -0.1600341796875] 0 NA NA
video_38 [-0.12091064453125, 0.0261688232421875, -0.156005859375, 0.0088348388671875, 0.01181793212890625, 0.10455322265625] 5 NA NA
training_73 [-0.254638671875, 0.200439453125, -0.350830078125, -0.009857177734375, 0.09210205078125, 0.015960693359375] 1 NA NA
e4be41c8-2723-4c53-b392-fac1bc393d59_combined [-0.11346435546875, 0.0472412109375, -0.148193359375, 0.06353759765625, 0.106201171875, -0.09820556640625] 4 NA NA
e8c61a8a-9f16-4646-af05-25aaa8010d6f_combined [-0.176513671875, 0.1444091796875, -0.2607421875, 0.1739501953125, 0.0301055908203125, -0.18408203125] 4 NA NA
video_3 [-0.1031494140625, 0.043365478515625, -0.11981201171875, 0.0170440673828125, -0.03643798828125, 0.0892333984375] 5 NA NA
42c2228f-e3c5-43e4-823b-5dfab62212d6_combined [-0.14990234375, 0.07391357421875, -0.19482421875, 0.1048583984375, 0.04986572265625, -0.08319091796875] 3 NA NA
Stealing055_x264 [-0.1510009765625, 0.06878662109375, -0.269287109375, 0.25634765625, -0.0772705078125, -0.09259033203125] 3 NA NA
41e4be35-2d1d-4c9d-b528-69e65dfac026_combined [-0.07244873046875, 0.04376220703125, -0.1114501953125, 0.05572509765625, 0.042938232421875, -0.06341552734375] 4 NA NA
testing_15 [-0.152099609375, 0.017974853515625, 0.25634765625, -0.0416259765625, -0.018646240234375, -0.0611572265625] 2 NA NA
training_66 [-0.17236328125, 0.05413818359375, 0.004032135009765625, -0.09814453125, 0.07672119140625, 0.051666259765625] 5 NA NA
Fighting023_x264 [-0.1815185546875, 0.1080322265625, -0.2435302734375, 0.1295166015625, 0.0074310302734375, -0.065185546875] 1 NA NA
training_105 [-0.1810302734375, 0.090576171875, -0.2381591796875, 0.05975341796875, 0.07666015625, -0.033477783203125] 4 NA NA
training_36 [-0.0257568359375, 0.0149688720703125, -0.005954742431640625, -0.0019063949584960938, 0.0250091552734375, -0.026031494140625] -1 NA NA
training_24 [-0.05181884765625, 0.04736328125, -0.0230865478515625, -0.025115966796875, 0.0284881591796875, -0.0209197998046875] -1 NA NA
training_16 [-0.037078857421875, 0.0215606689453125, -0.0155181884765625, -0.003452301025390625, 0.027099609375, -0.019744873046875] -1 NA NA
testing_2 [-0.068115234375, 0.0706787109375, -0.057708740234375, -0.0011501312255859375, 0.0183258056640625, -0.040679931640625] -1 NA NA
training_22 [-0.0308837890625, 0.0269775390625, -0.0245361328125, 0.023345947265625, 0.016510009765625, -0.04876708984375] -1 NA NA
training_8 [-0.03900146484375, 0.022003173828125, -0.014404296875, -0.0215301513671875, 0.03741455078125, -0.0082855224609375] -1 NA NA
training_68 [-0.1678466796875, 0.09857177734375, -0.1923828125, 0.08343505859375, 0.046173095703125, -0.0787353515625] -1 NA NA
testing_21 [-0.0251617431640625, 0.0155181884765625, 0.00226593017578125, 0.005649566650390625, 0.017608642578125, -0.034759521484375] -1 NA NA
training_43 [-0.0771484375, 0.053466796875, -0.060699462890625, -0.005390167236328125, 0.0169830322265625, -0.004299163818359375] -1 NA NA
training_38 [-0.03314208984375, 0.0186004638671875, -0.020172119140625, 0.00047707557678222656, 0.0189056396484375, -0.01416778564453125] -1 NA NA
training_4 [-0.0294952392578125, 0.023773193359375, -0.021484375, -0.0269927978515625, 0.040863037109375, -0.006999969482421875] -1 NA NA
testing_14 [-0.0257720947265625, 0.016998291015625, -0.0097808837890625, -0.0027027130126953125, 0.0181121826171875, -0.019561767578125] -1 NA NA
testing_7 [-0.0726318359375, 0.048675537109375, -0.0830078125, 0.027191162109375, 0.016326904296875, -0.021209716796875] -1 NA NA
training_25 [-0.045806884765625, 0.03973388671875, -0.004375457763671875, -0.0204925537109375, 0.031982421875, -0.0374755859375] -1 NA NA
training_13 [-0.01544189453125, 0.00943756103515625, -0.00243377685546875, -0.0013370513916015625, 0.0250396728515625, -0.0256500244140625] -1 NA NA
training_17 [-0.0384521484375, 0.01293182373046875, -0.030059814453125, -0.0031719207763671875, 0.007732391357421875, 0.0222320556640625] -1 NA NA
training_33 [-0.042510986328125, 0.003093719482421875, -0.058502197265625, 0.006603240966796875, 0.0191497802734375, 0.034271240234375] -1 NA NA
training_59 [-0.17919921875, 0.09161376953125, -0.1671142578125, -0.07220458984375, 0.1275634765625, 0.038604736328125] -1 NA NA
training_43 [-0.026580810546875, -0.01218414306640625, -0.0316162109375, -0.0035400390625, 0.00626373291015625, 0.054351806640625] -1 NA NA
testing_3 [-0.038055419921875, 0.01371002197265625, -0.006465911865234375, -0.0321044921875, 0.0086669921875, 0.03729248046875] -1 NA NA
training_41 [-0.03857421875, 0.011199951171875, -0.066162109375, 0.029815673828125, -0.0247039794921875, 0.04461669921875] -1 NA NA
testing_17 [-0.0309600830078125, -0.01175689697265625, -0.028839111328125, 0.0033626556396484375, 0.0210418701171875, 0.0305938720703125] -1 NA NA
testing_10 [-0.0261383056640625, -0.01331329345703125, -0.052459716796875, 0.01285552978515625, 0.014862060546875, 0.035980224609375] -1 NA NA
testing_6 [-0.01152801513671875, -0.0015096664428710938, -0.0049285888671875, 0.01142120361328125, -0.01435089111328125, 0.0225067138671875] -1 NA NA
training_51 [-0.040924072265625, -0.0110626220703125, -0.0218048095703125, -0.0116119384765625, 0.0311737060546875, 0.03839111328125] -1 NA NA
training_46 [-0.05108642578125, 0.00276947021484375, -0.0870361328125, 0.01204681396484375, 0.01641845703125, 0.056121826171875] -1 NA NA
testing_11 [-0.0277557373046875, -0.006664276123046875, -0.057342529296875, 0.01551055908203125, 0.020538330078125, 0.0266876220703125] -1 NA NA
training_74 [-0.01009368896484375, 0.0001823902130126953, -0.0084228515625, 0.016510009765625, -0.00624847412109375, 0.0017185211181640625] -1 NA NA
training_76 [-0.057647705078125, 0.0266265869140625, -0.051116943359375, 0.0187530517578125, -0.003856658935546875, 0.01409149169921875] -1 NA NA
training_55 [-0.0312042236328125, -0.0099334716796875, -0.038543701171875, 0.0089874267578125, 0.0210113525390625, 0.0283050537109375] -1 NA NA
testing_1 [-0.136962890625, 0.05810546875, -0.1434326171875, 0.0087738037109375, 0.035125732421875, 0.0418701171875] -1 NA NA
training_43 [-0.12298583984375, 0.046722412109375, -0.129638671875, 0.01244354248046875, 0.061248779296875, 0.00951385498046875] -1 NA NA
training_54 [-0.06488037109375, 0.03338623046875, -0.06658935546875, 0.0178985595703125, 0.027008056640625, -0.027435302734375] -1 NA NA
training_28 [-0.1571044921875, 0.037689208984375, -0.151123046875, -0.048370361328125, 0.2115478515625, -0.026763916015625] -1 NA NA
testing_11 [-0.09283447265625, 0.0262908935546875, -0.092041015625, -0.039337158203125, 0.0906982421875, 0.032745361328125] -1 NA NA
training_31 [-0.0129852294921875, 0.015869140625, -0.01263427734375, 0.00530242919921875, -0.0012350082397460938, -0.00254058837890625] -1 NA NA
training_58 [-0.09564208984375, 0.045745849609375, -0.126220703125, 0.043701171875, 0.037567138671875, -0.029632568359375] -1 NA NA
testing_3 [-0.051361083984375, 0.0208740234375, -0.061187744140625, 0.003627777099609375, 0.04351806640625, -0.011932373046875] -1 NA NA
testing_14 [-0.060760498046875, 0.040496826171875, -0.06488037109375, 0.0167388916015625, 0.0162200927734375, -0.030914306640625] -1 NA NA
training_38 [-0.051025390625, 0.02716064453125, -0.052459716796875, -0.001697540283203125, 0.031890869140625, -0.01256561279296875] -1 NA NA
training_14 [-0.10546875, 0.056732177734375, -0.1220703125, 0.01425933837890625, 0.0347900390625, 0.00672149658203125] -1 NA NA
training_15 [-0.113525390625, 0.06024169921875, -0.11553955078125, -0.01114654541015625, 0.052398681640625, 0.01580810546875] -1 NA NA
training_73 [-0.083984375, 0.0194244384765625, -0.1119384765625, -0.0014295578002929688, 0.08074951171875, 0.0043487548828125] -1 NA NA
training_32 [-0.024627685546875, 0.0164947509765625, -0.040679931640625, 0.008392333984375, 0.004261016845703125, 0.01163482666015625] -1 NA NA
training_6 [-0.06591796875, 0.0548095703125, -0.0477294921875, -0.01300811767578125, 0.0020580291748046875, 0.0039520263671875] -1 NA NA
testing_1 [-0.02862548828125, -0.0018472671508789062, -0.02813720703125, -0.0037326812744140625, 0.022613525390625, 0.0128173828125] -1 NA NA
training_71 [-0.0328369140625, 0.023468017578125, -0.0190582275390625, -0.0168304443359375, 0.0237274169921875, -0.0090179443359375] -1 NA NA
training_12 [-0.018310546875, 0.013427734375, -0.00762939453125, 0.0164794921875, -0.0003407001495361328, -0.02923583984375] -1 NA NA
training_31 [-0.01528167724609375, -0.0029163360595703125, -0.01085662841796875, 0.0162506103515625, -0.004695892333984375, 0.0006570816040039062] -1 NA NA
testing_27 [-0.0307769775390625, 0.0009427070617675781, 0.005523681640625, -0.00826263427734375, 0.0208282470703125, -0.001560211181640625] -1 NA NA
training_69 [-0.1348876953125, 0.0694580078125, -0.1439208984375, -0.00446319580078125, 0.048828125, 0.0246429443359375] -1 NA NA
testing_32 [-0.031768798828125, 0.01349639892578125, -0.00862884521484375, -0.035614013671875, 0.033172607421875, 0.0104522705078125] -1 NA NA
testing_29 [-0.0078582763671875, -0.0003592967987060547, -0.0037097930908203125, 0.0347900390625, -0.001953125, -0.034820556640625] -1 NA NA
testing_26 [-0.0019350051879882812, -0.01222991943359375, -0.0166473388671875, -0.0009469985961914062, 0.02001953125, 0.00420379638671875] -1 NA NA
training_7 [-0.0330810546875, -0.006214141845703125, -0.00836944580078125, -0.0045013427734375, 0.033111572265625, 0.000286102294921875] -1 NA NA
training_4 [-0.0254669189453125, 0.005496978759765625, -0.0186920166015625, 0.0089569091796875, 0.01568603515625, -0.01348876953125] -1 NA NA
training_17 [-0.022613525390625, 0.01039886474609375, 0.00037097930908203125, 0.0034542083740234375, 0.003078460693359375, -0.01433563232421875] -1 NA NA
training_5 [-0.031585693359375, 0.01012420654296875, -0.02374267578125, 0.00040411949157714844, 0.0225982666015625, -0.01210784912109375] -1 NA NA
testing_13 [-0.0439453125, 0.0243072509765625, -0.0107879638671875, 0.0145111083984375, 0.0167083740234375, -0.02886962890625] -1 NA NA
training_34 [-0.00939178466796875, -0.01253509521484375, -0.00035834312438964844, 0.01131439208984375, 0.00933074951171875, -0.007648468017578125] -1 NA NA
testing_30 [-0.09625244140625, 0.058563232421875, -0.033355712890625, -0.0556640625, 0.0570068359375, 0.007965087890625] -1 NA NA
training_91 [-0.11328125, 0.031768798828125, -0.067626953125, -0.053466796875, 0.052398681640625, 0.0758056640625] -1 NA NA
training_21 [-0.036041259765625, 0.0411376953125, 0.0013971328735351562, -0.032073974609375, 0.01045989990234375, -0.01116180419921875] -1 NA NA
training_31 [-0.10797119140625, 0.10113525390625, -0.09930419921875, -0.06494140625, 0.07012939453125, -0.00795745849609375] -1 NA NA
training_73 [-0.050384521484375, 0.020355224609375, 0.0029087066650390625, -0.0565185546875, 0.046051025390625, 0.0224151611328125] -1 NA NA
training_27 [-0.0953369140625, 0.03594970703125, -0.04364013671875, -0.0970458984375, 0.107666015625, 0.05096435546875] -1 NA NA
training_23 [-0.035125732421875, 0.029510498046875, -0.020751953125, -0.023040771484375, 0.0252532958984375, -0.006298065185546875] -1 NA NA
training_11 [-0.0194244384765625, 0.0229339599609375, 0.0362548828125, -0.032684326171875, 0.0168304443359375, -0.0128021240234375] -1 NA NA
testing_24 [-0.0264739990234375, 0.01861572265625, 0.0269927978515625, -0.051300048828125, 0.0240631103515625, 0.01378631591796875] -1 NA NA
testing_17 [-0.06768798828125, 0.07611083984375, -0.033447265625, -0.0714111328125, 0.03240966796875, 0.0219879150390625] -1 NA NA
training_3 [-0.0295867919921875, 0.019622802734375, -0.0136871337890625, -0.01105499267578125, 0.0143585205078125, -0.0016574859619140625] -1 NA NA
training_2 [-0.031768798828125, 0.02178955078125, 0.0218658447265625, -0.039581298828125, 0.025177001953125, -0.0010919570922851562] -1 NA NA
testing_23 [-0.122802734375, 0.0897216796875, -0.08984375, -0.07440185546875, 0.055816650390625, 0.03399658203125] -1 NA NA
training_71 [-0.11676025390625, 0.08880615234375, -0.109375, -0.053863525390625, 0.05255126953125, 0.03118896484375] -1 NA NA
testing_11 [-0.08563232421875, 0.034759521484375, -0.041839599609375, -0.035858154296875, 0.053863525390625, 0.01959228515625] -1 NA NA
training_87 [-0.1893310546875, 0.1474609375, -0.32421875, 0.0191192626953125, 0.0177001953125, 0.061187744140625] 5 NA NA
training_52 [-0.1202392578125, 0.1356201171875, -0.07916259765625, -0.01366424560546875, 0.0106964111328125, -0.0518798828125] 1 NA NA
8fb81715-2ca5-4e50-8327-dcd4f4a286a9_combined [-0.17236328125, 0.048736572265625, -0.1622314453125, 0.04742431640625, 0.08245849609375, -0.033172607421875] 4 NA NA
training_47 [-0.1748046875, 0.1318359375, -0.13037109375, -0.07122802734375, 0.0380859375, 0.0555419921875] 1 NA NA
Abuse008_x264 [-0.15673828125, 0.09332275390625, -0.2305908203125, 0.15087890625, -0.0249176025390625, -0.060791015625] 1 NA NA
Fighting032_x264 [-0.1376953125, 0.08880615234375, -0.212890625, 0.1705322265625, -0.0269317626953125, -0.102294921875] 1 NA NA
testing_5 [-0.0843505859375, 0.1552734375, -0.06976318359375, -0.044921875, -0.0164337158203125, -0.049835205078125] 1 NA NA
Burglary008_x264 [-0.132080078125, 0.07684326171875, -0.3037109375, 0.17041015625, -0.0635986328125, 0.007266998291015625] 0 NA NA
training_29 [-0.1158447265625, 0.049896240234375, -0.120849609375, -0.029571533203125, 0.1290283203125, -0.02801513671875] 4 NA NA
training_65 [-0.328857421875, 0.108642578125, -0.107421875, -0.123046875, 0.126708984375, 0.1153564453125] 5 NA NA
Robbery056_x264 [-0.2117919921875, 0.1455078125, -0.329833984375, 0.312744140625, -0.08758544921875, -0.1751708984375] 3 NA NA
testing_2 [-0.1771240234375, 0.10382080078125, -0.273681640625, 0.09466552734375, 0.07330322265625, -0.060638427734375] 5 NA NA
Burglary031_x264 [-0.121826171875, 0.0543212890625, -0.246826171875, 0.2135009765625, -0.0645751953125, -0.055206298828125] 0 NA NA
training_60 [-0.10711669921875, 0.05841064453125, -0.06842041015625, -0.043060302734375, 0.06011962890625, 0.00962066650390625] 4 NA NA
training_93 [-0.130126953125, 0.043365478515625, -0.1444091796875, 0.00962066650390625, 0.1307373046875, -0.049407958984375] 4 NA NA
481cf802-6eec-4011-81bc-70d8b7cc769b_combined [-0.27294921875, 0.1473388671875, -0.468994140625, 0.257568359375, 0.135498046875, -0.2186279296875] 4 NA NA
e4c50c54-6c6b-42ae-a873-1c7443536372 [-0.1409912109375, 0.087890625, -0.1932373046875, 0.1083984375, 0.0634765625, -0.12646484375] 3 NA NA
training_81 [-0.10028076171875, 0.08038330078125, -0.09735107421875, -0.007617950439453125, 0.024383544921875, -0.0025577545166015625] 1 NA NA
training_56 [-0.085693359375, 0.038055419921875, -0.0872802734375, -0.01172637939453125, 0.0498046875, 0.0178375244140625] 5 NA NA
training_130 [-0.1817626953125, 0.091796875, -0.187255859375, -0.0224151611328125, 0.1419677734375, -0.030914306640625] 4 NA NA
training_16 [-0.027801513671875, 0.019378662109375, -0.01366424560546875, 0.007068634033203125, 0.019927978515625, -0.033447265625] 1 NA NA
training_142 [-0.31201171875, 0.1590576171875, -0.41064453125, 0.055206298828125, 0.2138671875, -0.08160400390625] 4 NA NA
training_70 [-0.101318359375, 0.018951416015625, 0.184814453125, -0.027862548828125, -0.01837158203125, -0.055694580078125] 2 NA NA
Stealing071_x264 [-0.10247802734375, 0.0833740234375, -0.1783447265625, 0.10357666015625, 0.045654296875, -0.11883544921875] 3 NA NA
Abuse044_x264 [-0.0888671875, 0.053985595703125, -0.0765380859375, -0.01111602783203125, 0.006786346435546875, 0.024932861328125] 1 NA NA
Robbery003_x264 [-0.09527587890625, 0.032379150390625, -0.139892578125, 0.1790771484375, -0.0379638671875, -0.093505859375] 3 NA NA
training_55 [-0.180419921875, 0.11492919921875, -0.134765625, -0.06396484375, 0.07879638671875, 0.0264739990234375] 5 NA NA
training_2 [-0.0760498046875, 0.0987548828125, -0.041717529296875, -0.0106353759765625, -0.01544952392578125, -0.0350341796875] 1 NA NA
Stealing069_x264 [-0.1236572265625, 0.0782470703125, -0.2255859375, 0.16015625, 0.051513671875, -0.14892578125] 3 NA NA
Assault028_x264 [-0.1416015625, 0.122314453125, -0.212890625, 0.1077880859375, 0.027740478515625, -0.11529541015625] 1 NA NA
Shoplifting029_x264 [-0.1680908203125, 0.0780029296875, -0.237548828125, 0.206787109375, -0.0340576171875, -0.0911865234375] 3 NA NA
4059b615-970a-4184-8dfd-ef37f15b283f_combined [-0.089111328125, 0.06719970703125, -0.1624755859375, 0.0977783203125, 0.04052734375, -0.1048583984375] 4 NA NA
Stealing037_x264 [-0.1856689453125, 0.15771484375, -0.279296875, 0.1568603515625, -0.03729248046875, -0.09954833984375] 3 NA NA
Robbery006_x264 [-0.2149658203125, 0.11431884765625, -0.436767578125, 0.44287109375, -0.1400146484375, -0.178466796875] 3 NA NA
Stealing094_x264 [-0.1187744140625, 0.08660888671875, -0.178955078125, 0.10552978515625, 0.028717041015625, -0.0992431640625] 3 NA NA
386f7adb-b84c-44c1-acf6-9037ecb35714 [-0.1710205078125, 0.06976318359375, -0.29736328125, 0.273193359375, -0.0192413330078125, -0.1484375] 3 NA NA
Burglary066_x264 [-0.091796875, 0.05108642578125, -0.210693359375, 0.1583251953125, 0.0200958251953125, -0.10894775390625] 0 NA NA
training_40 [-0.172607421875, 0.09136962890625, -0.179931640625, -0.033294677734375, 0.08447265625, 0.0377197265625] 5 NA NA
training_68 [-0.312255859375, 0.169189453125, -0.265380859375, -0.134521484375, 0.19580078125, 0.08563232421875] 5 NA NA
Abuse025_x264 [-0.1121826171875, 0.09130859375, -0.17822265625, 0.0972900390625, -0.03387451171875, -0.04144287109375] 1 NA NA
training_87 [-0.1307373046875, 0.142578125, -0.1412353515625, -0.057769775390625, 0.0100555419921875, 0.018585205078125] 1 NA NA
cd3dc746-1293-45e1-ac03-d7e1a97760f4_combined [-0.205078125, 0.1405029296875, -0.271484375, 0.160400390625, 0.026092529296875, -0.135498046875] 4 NA NA
Burglary012_x264 [-0.1319580078125, 0.10906982421875, -0.267578125, 0.1531982421875, -0.0703125, -0.0303497314453125] 0 NA NA
Burglary009_x264 [-0.2318115234375, 0.151611328125, -0.488525390625, 0.284912109375, -0.0682373046875, -0.07513427734375] 0 NA NA
testing_25 [-0.07666015625, 0.10302734375, -0.042877197265625, -0.02099609375, -0.00847625732421875, -0.032928466796875] 1 NA NA
training_93 [-0.1495361328125, 0.09356689453125, -0.13330078125, -0.034027099609375, 0.0560302734375, 0.0297088623046875] 1 NA NA
Burglary077_x264 [-0.1600341796875, 0.09466552734375, -0.266357421875, 0.2427978515625, -0.06439208984375, -0.1131591796875] 0 NA NA
testing_23 [-0.26806640625, 0.12548828125, -0.1627197265625, -0.0943603515625, 0.16845703125, 0.0204925537109375] 4 NA NA
Burglary089_x264 [-0.1451416015625, 0.10504150390625, -0.32861328125, 0.1634521484375, -0.0003578662872314453, -0.06427001953125] 0 NA NA
training_53 [-0.06268310546875, 0.0287628173828125, -0.07861328125, -0.003421783447265625, 0.02587890625, 0.0205230712890625] 5 NA NA
testing_9 [-0.1636962890625, 0.163330078125, -0.209716796875, 0.0278778076171875, 0.038177490234375, -0.064453125] 1 NA NA
training_54 [-0.114013671875, 0.18896484375, -0.1558837890625, 0.01422882080078125, -0.0260772705078125, -0.0875244140625] 1 NA NA
f7be13d4-852b-4a0d-86e8-45b913465090_combined [-0.1229248046875, 0.078369140625, -0.1961669921875, 0.09326171875, 0.0794677734375, -0.1136474609375] 3 NA NA
training_95 [-0.1453857421875, 0.0160369873046875, -0.103759765625, -0.054840087890625, 0.1893310546875, -0.0100250244140625] 4 NA NA
Fighting036_x264 [-0.2288818359375, 0.159423828125, -0.309326171875, 0.13037109375, 0.03167724609375, -0.0936279296875] 1 NA NA
testing_8 [-0.142822265625, 0.0278167724609375, 0.2294921875, -0.040924072265625, -0.02813720703125, -0.051483154296875] 2 NA NA
training_72 [-0.1484375, 0.0576171875, -0.1373291015625, -0.0186767578125, 0.156494140625, -0.054046630859375] 4 NA NA
Burglary072_x264 [-0.2110595703125, 0.1383056640625, -0.37841796875, 0.212646484375, 0.01561737060546875, -0.1163330078125] 0 NA NA
training_196 [-0.306640625, 0.1646728515625, -0.339599609375, -0.00433349609375, 0.181884765625, -0.02301025390625] 4 NA NA
testing_8 [-0.26513671875, 0.1173095703125, -0.275390625, -0.04150390625, 0.2413330078125, -0.04327392578125] 4 NA NA
Burglary048_x264 [-0.1351318359375, 0.081787109375, -0.23388671875, 0.0992431640625, 0.007740020751953125, -0.025634765625] 0 NA NA
Assault023_x264 [-0.252685546875, 0.1864013671875, -0.406982421875, 0.1710205078125, 0.062255859375, -0.13134765625] 1 NA NA
17dc7d04-4430-4534-8ed4-38f8d9cc9ae9_combined [-0.10052490234375, 0.0672607421875, -0.159912109375, 0.137939453125, 0.01143646240234375, -0.12200927734375] 4 NA NA
training_17 [-0.205322265625, 0.162109375, -0.251953125, 0.01399993896484375, 0.0975341796875, -0.0628662109375] 4 NA NA
training_91 [-0.23876953125, 0.1151123046875, -0.2489013671875, -0.012969970703125, 0.08038330078125, 0.0667724609375] 5 NA NA
testing_15 [-0.0841064453125, 0.11041259765625, -0.050933837890625, -0.027252197265625, -0.0044708251953125, -0.02947998046875] 1 NA NA
testing_7 [-0.2176513671875, 0.08612060546875, -0.1624755859375, -0.07806396484375, 0.10125732421875, 0.087890625] 5 NA NA
training_3 [-0.165283203125, 0.046844482421875, 0.130859375, -0.0374755859375, 0.002338409423828125, -0.0307769775390625] 2 NA NA
Stealing054_x264 [-0.029754638671875, 0.0200958251953125, -0.039886474609375, 0.0635986328125, -0.00830841064453125, -0.05767822265625] 3 NA NA
f3be952f-7a3e-429c-bb25-5b0f8c8ac916_combined [-0.2254638671875, 0.07110595703125, -0.445556640625, 0.43310546875, -0.04498291015625, -0.1995849609375] 4 NA NA
training_9 [-0.09930419921875, 0.11114501953125, -0.056427001953125, -0.0114593505859375, 0.0003952980041503906, -0.040496826171875] 1 NA NA
testing_10 [-0.1304931640625, 0.0311431884765625, 0.1964111328125, -0.037261962890625, -0.0169677734375, -0.052520751953125] 2 NA NA
training_56 [-0.0972900390625, 0.0113677978515625, 0.139404296875, -0.0181427001953125, -0.00353240966796875, -0.031585693359375] 2 NA NA
training_4 [-0.15576171875, 0.036834716796875, 0.191162109375, -0.034698486328125, -0.023345947265625, -0.044097900390625] 2 NA NA
training_61 [-0.1329345703125, 0.0289306640625, 0.2113037109375, -0.026275634765625, -0.0350341796875, -0.0574951171875] 2 NA NA
Robbery089_x264 [-0.1600341796875, 0.133544921875, -0.239990234375, 0.1656494140625, -0.034881591796875, -0.11004638671875] 3 NA NA
training_36 [-0.03375244140625, 0.039276123046875, -0.0107269287109375, -0.02508544921875, -0.0019292831420898438, 0.001186370849609375] 1 NA NA
fdacbba7-db40-4582-92ad-c3710db32e3f_combined [-0.1468505859375, 0.0322265625, -0.390380859375, 0.405029296875, -0.06768798828125, -0.1744384765625] 3 NA NA
Assault046_x264 [-0.18408203125, 0.138671875, -0.306640625, 0.2203369140625, -0.0266265869140625, -0.150390625] 1 NA NA
testing_31 [-0.1485595703125, 0.0609130859375, -0.116943359375, -0.09033203125, 0.12744140625, 0.05657958984375] 4 NA NA
fb33df3f-e915-4806-b4d2-bbd816695713_combined [-0.2098388671875, 0.08392333984375, -0.2197265625, 0.09844970703125, 0.1220703125, -0.1263427734375] 4 NA NA
Shoplifting012_x264 [-0.14013671875, 0.0672607421875, -0.15087890625, 0.144287109375, -0.07464599609375, -0.03192138671875] 3 NA NA
training_36 [-0.231689453125, 0.105224609375, -0.30712890625, -0.0289306640625, 0.176025390625, 0.0238800048828125] 4 NA NA
testing_11 [-0.1663818359375, 0.2347412109375, -0.2139892578125, 0.004444122314453125, 0.00408935546875, -0.10064697265625] 1 NA NA
testing_9 [-0.087890625, 0.04461669921875, -0.0748291015625, -0.03466796875, 0.0164642333984375, 0.05859375] 5 NA NA
Robbery114_x264 [-0.11956787109375, 0.102294921875, -0.2110595703125, 0.162841796875, -0.041778564453125, -0.0999755859375] 3 NA NA
training_59 [-0.060577392578125, 0.10931396484375, -0.0244598388671875, -0.033966064453125, -0.0084228515625, -0.0504150390625] 1 NA NA
e6d436cd-be3c-4ba6-892b-86a695eeb591 [-0.11627197265625, 0.0738525390625, -0.1634521484375, 0.0899658203125, 0.05364990234375, -0.10498046875] 3 NA NA
Burglary022_x264 [-0.042022705078125, 0.054046630859375, -0.10748291015625, 0.048065185546875, 0.0029659271240234375, -0.044525146484375] 0 NA NA
Robbery079_x264 [-0.186767578125, 0.10394287109375, -0.260009765625, 0.25146484375, -0.047760009765625, -0.1470947265625] 3 NA NA
Shoplifting028_x264 [-0.202392578125, 0.11065673828125, -0.2252197265625, 0.188720703125, -0.006404876708984375, -0.1268310546875] 3 NA NA
Shoplifting017_x264 [-0.2470703125, 0.12890625, -0.52880859375, 0.490234375, -0.12298583984375, -0.197021484375] 3 NA NA
training_19 [-0.07501220703125, 0.0943603515625, -0.06390380859375, -0.0213165283203125, -0.0112762451171875, -0.003742218017578125] 1 NA NA
training_98 [-0.3349609375, 0.159912109375, -0.322998046875, -0.1424560546875, 0.2548828125, 0.09442138671875] 4 NA NA
testing_14 [-0.306884765625, 0.2052001953125, -0.27880859375, -0.06915283203125, 0.07440185546875, 0.07574462890625] 5 NA NA
4191422d-81c6-456e-9a01-fa5d7b796de8_combined [-0.1268310546875, 0.0936279296875, -0.232421875, 0.1329345703125, 0.052825927734375, -0.1343994140625] 3 NA NA
testing_16 [-0.11883544921875, 0.052581787109375, -0.09619140625, -0.056640625, 0.0386962890625, 0.09185791015625] 5 NA NA
training_45 [-0.0482177734375, 0.025238037109375, -0.046630859375, 0.02056884765625, 0.0228424072265625, -0.03326416015625] 1 NA NA
testing_10 [-0.06781005859375, 0.0970458984375, -0.031402587890625, -0.0151214599609375, -0.0113677978515625, -0.043182373046875] 1 NA NA
testing_34 [-0.0670166015625, 0.1666259765625, -0.0814208984375, -0.05633544921875, -0.03314208984375, -0.038055419921875] 1 NA NA
training_9 [-0.06854248046875, 0.10205078125, -0.029144287109375, -0.01580810546875, -0.0173492431640625, -0.043212890625] 1 NA NA
2c3f1c1f-3e8f-4e5b-b388-21b7acb3b914_combined [-0.0989990234375, 0.00433349609375, -0.160400390625, 0.067138671875, 0.08026123046875, -0.0328369140625] 4 NA NA
training_5 [-0.140869140625, 0.1080322265625, -0.1785888671875, 0.01275634765625, 0.044036865234375, -0.021209716796875] 1 NA NA
Assault006_x264 [-0.1820068359375, 0.1376953125, -0.296142578125, 0.173583984375, -0.07843017578125, -0.048309326171875] 1 NA NA
training_34 [-0.324951171875, 0.2015380859375, -0.382080078125, -0.033935546875, 0.196533203125, -0.009765625] 4 NA NA
training_60 [-0.191162109375, 0.08917236328125, -0.1239013671875, -0.04071044921875, 0.036590576171875, 0.07318115234375] 5 NA NA
training_14 [-0.279541015625, 0.12261962890625, -0.26318359375, -0.085693359375, 0.1759033203125, 0.0848388671875] 5 NA NA
Robbery118_x264 [-0.2081298828125, 0.1263427734375, -0.400634765625, 0.322021484375, -0.06719970703125, -0.1414794921875] 3 NA NA
training_96 [-0.16845703125, 0.1513671875, -0.1441650390625, -0.0164794921875, -0.00909423828125, 0.01374053955078125] 1 NA NA
training_7 [-0.10955810546875, 0.061492919921875, -0.133544921875, 0.00366973876953125, 0.0771484375, -0.023834228515625] 4 NA NA
f84dba8e-ce0f-4b77-8e97-c94aab3b4cc6_combined [-0.12939453125, 0.079833984375, -0.233154296875, 0.16552734375, 0.03009033203125, -0.1318359375] 4 NA NA
training_72 [-0.1416015625, 0.0304107666015625, 0.1710205078125, -0.06756591796875, 0.007335662841796875, -0.01617431640625] 2 NA NA
Robbery139_x264 [-0.08612060546875, 0.0347900390625, -0.11248779296875, 0.125244140625, -0.0182952880859375, -0.07275390625] 3 NA NA
Assault050_x264 [-0.1866455078125, 0.11749267578125, -0.27490234375, 0.255126953125, -0.08367919921875, -0.11749267578125] 1 NA NA
training_27 [-0.14208984375, 0.0330810546875, 0.19091796875, -0.04547119140625, -0.004604339599609375, -0.050140380859375] 2 NA NA
Assault052_x264 [-0.1845703125, 0.159912109375, -0.2320556640625, 0.10223388671875, 0.0016765594482421875, -0.096435546875] 1 NA NA
training_55 [-0.0869140625, 0.144287109375, -0.11431884765625, 0.00734710693359375, -0.01904296875, -0.06597900390625] 1 NA NA
training_190 [-0.1619873046875, 0.0941162109375, -0.1593017578125, -0.0411376953125, 0.0963134765625, 0.0162811279296875] 4 NA NA
training_33 [-0.0836181640625, 0.11492919921875, -0.058685302734375, -0.0009984970092773438, 0.0028629302978515625, -0.0709228515625] 1 NA NA
training_24 [-0.269287109375, 0.1629638671875, -0.2064208984375, -0.1318359375, 0.126708984375, 0.10321044921875] 4 NA NA
training_17 [-0.1455078125, 0.1380615234375, -0.18212890625, 0.039306640625, -0.005222320556640625, -0.03204345703125] 1 NA NA
Robbery045_x264 [-0.2164306640625, 0.1297607421875, -0.41796875, 0.3544921875, -0.12127685546875, -0.11358642578125] 3 NA NA
training_47 [-0.07672119140625, 0.122802734375, -0.043426513671875, 0.00695037841796875, -0.0143585205078125, -0.0869140625] 1 NA NA
testing_16 [-0.0775146484375, 0.10302734375, -0.044586181640625, -0.0251617431640625, -0.004909515380859375, -0.0296173095703125] 1 NA NA
Robbery018_x264 [-0.2237548828125, 0.0777587890625, -0.35888671875, 0.41748046875, -0.113037109375, -0.177978515625] 3 NA NA
Robbery028_x264 [-0.124755859375, 0.07452392578125, -0.280029296875, 0.258544921875, -0.0589599609375, -0.1268310546875] 3 NA NA
testing_1 [-0.137451171875, 0.0416259765625, 0.1810302734375, -0.039947509765625, -0.01226043701171875, -0.055267333984375] 2 NA NA
Abuse026_x264 [-0.202392578125, 0.1309814453125, -0.22607421875, 0.09381103515625, 0.0220794677734375, -0.06390380859375] 1 NA NA
training_82 [-0.13427734375, 0.1484375, -0.179931640625, -0.048065185546875, 0.05084228515625, -0.002773284912109375] 1 NA NA
training_72 [-0.19677734375, 0.162353515625, -0.2415771484375, 0.0186920166015625, 0.055755615234375, -0.0289154052734375] 1 NA NA
testing_11 [-0.16552734375, 0.024688720703125, 0.23095703125, -0.04901123046875, -0.01146697998046875, -0.050201416015625] 2 NA NA
Fighting045_x264 [-0.1776123046875, 0.11322021484375, -0.2587890625, 0.1727294921875, 0.009246826171875, -0.12066650390625] 1 NA NA
training_47 [-0.1280517578125, 0.0181884765625, 0.20703125, -0.0218353271484375, -0.019256591796875, -0.065185546875] 2 NA NA
training_64 [-0.162841796875, 0.185302734375, -0.133544921875, -0.01088714599609375, 0.0087890625, -0.068359375] 1 NA NA
training_63 [-0.11383056640625, 0.0797119140625, -0.0936279296875, -0.0265045166015625, 0.041259765625, 0.0081939697265625] 1 NA NA
Stealing036_x264 [-0.1265869140625, 0.07562255859375, -0.179931640625, 0.1693115234375, -0.0185089111328125, -0.11614990234375] 3 NA NA
78c2f2ca-bb06-4878-9e7c-d3e84d0add6d_combined [-0.1875, 0.06365966796875, -0.295166015625, 0.1650390625, 0.0830078125, -0.1005859375] 4 NA NA
Burglary057_x264 [-0.07177734375, 0.0706787109375, -0.1778564453125, 0.15234375, -0.048980712890625, -0.08343505859375] 0 NA NA
a582bff9-d191-4184-a32d-0cfe28f13938_combined [-0.10821533203125, 0.055877685546875, -0.1715087890625, 0.1328125, 0.00540924072265625, -0.08599853515625] 4 NA NA
training_143 [-0.29296875, 0.2054443359375, -0.30322265625, -0.028350830078125, 0.1346435546875, -0.034881591796875] 4 NA NA
Burglary088_x264 [-0.1412353515625, 0.1324462890625, -0.2393798828125, 0.144287109375, -0.004955291748046875, -0.12457275390625] 0 NA NA
Stealing107_x264 [-0.1517333984375, 0.125732421875, -0.267822265625, 0.2374267578125, -0.06292724609375, -0.1507568359375] 3 NA NA
training_50 [-0.087890625, 0.12030029296875, -0.07171630859375, -0.01568603515625, 0.0053863525390625, -0.046661376953125] 1 NA NA
training_83 [-0.11883544921875, 0.0799560546875, -0.103515625, -0.01995849609375, 0.043792724609375, 0.0055999755859375] 1 NA NA
testing_7 [-0.06488037109375, 0.09716796875, -0.0230865478515625, -0.0179595947265625, -0.0161895751953125, -0.042022705078125] 1 NA NA
training_83 [-0.21923828125, 0.1678466796875, -0.2010498046875, 0.01163482666015625, 0.0255126953125, -0.0251312255859375] 5 NA NA
Stealing106_x264 [-0.1597900390625, 0.12091064453125, -0.319580078125, 0.228515625, 0.01381683349609375, -0.1741943359375] 3 NA NA
training_149 [-0.205322265625, 0.10040283203125, -0.244140625, 0.01514434814453125, 0.1719970703125, -0.07354736328125] 4 NA NA
training_15 [-0.1640625, 0.034637451171875, 0.2086181640625, -0.041778564453125, -0.0184783935546875, -0.04705810546875] 2 NA NA
Burglary046_x264 [-0.10302734375, 0.0997314453125, -0.164794921875, 0.1387939453125, -0.052398681640625, -0.0936279296875] 0 NA NA
training_68 [-0.1834716796875, 0.10693359375, -0.14501953125, -0.11865234375, 0.082275390625, 0.11083984375] 1 NA NA
training_4 [-0.1298828125, 0.06390380859375, -0.127685546875, -0.0184783935546875, 0.07208251953125, 0.007755279541015625] 4 NA NA
training_24 [-0.0845947265625, 0.157958984375, -0.136474609375, 0.037353515625, -0.057952880859375, -0.06622314453125] 1 NA NA
training_171 [-0.266357421875, 0.09881591796875, -0.262939453125, -0.05072021484375, 0.242919921875, -0.0125274658203125] 4 NA NA
training_42 [-0.07769775390625, 0.07275390625, -0.11517333984375, 0.0621337890625, -0.03143310546875, -0.026580810546875] 1 NA NA
Robbery046_x264 [-0.11053466796875, 0.005840301513671875, -0.09735107421875, -0.00737762451171875, 0.0767822265625, 0.043212890625] 3 NA NA
training_17 [-0.1533203125, 0.1634521484375, -0.124267578125, -0.045074462890625, 0.0372314453125, -0.0330810546875] 1 NA NA
training_91 [-0.09783935546875, 0.04986572265625, -0.078369140625, -0.0191802978515625, 0.037139892578125, 0.02001953125] 4 NA NA
training_107 [-0.12005615234375, 0.056640625, -0.1285400390625, 0.02587890625, 0.05438232421875, -0.022705078125] 4 NA NA
training_75 [-0.11163330078125, 0.065185546875, -0.109619140625, -0.01378631591796875, 0.0408935546875, 0.0159149169921875] 5 NA NA
testing_25 [-0.14990234375, 0.07769775390625, -0.040740966796875, -0.09649658203125, 0.03594970703125, 0.08172607421875] 1 NA NA
training_69 [-0.17529296875, 0.1519775390625, -0.1881103515625, 0.040374755859375, -0.0089111328125, -0.03582763671875] 1 NA NA
Stealing086_x264 [-0.145263671875, 0.083740234375, -0.283203125, 0.1849365234375, 0.062408447265625, -0.151611328125] 3 NA NA
training_99 [-0.1478271484375, 0.0869140625, -0.1396484375, 0.0013647079467773438, 0.05694580078125, -0.004627227783203125] 4 NA NA
training_103 [-0.2066650390625, 0.11669921875, -0.199462890625, -0.04595947265625, 0.025970458984375, 0.1190185546875] 5 NA NA
Robbery047_x264 [-0.0968017578125, 0.035247802734375, -0.1763916015625, 0.1929931640625, -0.028839111328125, -0.1038818359375] 3 NA NA
Assault009_x264 [-0.159423828125, 0.1024169921875, -0.266845703125, 0.170166015625, -0.03692626953125, -0.0684814453125] 1 NA NA
b030aef1-ae5b-4706-85bb-f98e5ea3442f_combined [-0.2117919921875, 0.133544921875, -0.260009765625, 0.1087646484375, 0.087646484375, -0.134033203125] 4 NA NA
Stealing070_x264 [-0.146484375, 0.110595703125, -0.2447509765625, 0.1396484375, 0.05853271484375, -0.1502685546875] 3 NA NA
Fighting022_x264 [-0.052337646484375, 0.056121826171875, -0.04339599609375, 0.0288543701171875, -0.0220947265625, -0.03131103515625] 1 NA NA
Robbery062_x264 [-0.1658935546875, 0.09002685546875, -0.320556640625, 0.2734375, -0.06988525390625, -0.110595703125] 3 NA NA
training_74 [-0.09600830078125, 0.164794921875, -0.09234619140625, -0.0399169921875, -0.0175628662109375, -0.04486083984375] 1 NA NA
training_79 [-0.044830322265625, 0.1068115234375, -0.0565185546875, 0.0096588134765625, -0.034698486328125, -0.06396484375] 1 NA NA
Assault030_x264 [-0.1513671875, 0.1295166015625, -0.2498779296875, 0.158935546875, -0.0175628662109375, -0.11724853515625] 1 NA NA
testing_3 [-0.06939697265625, 0.09686279296875, -0.0277252197265625, -0.0163116455078125, -0.01305389404296875, -0.0396728515625] 1 NA NA
testing_32 [-0.1026611328125, 0.1072998046875, -0.05328369140625, -0.00519561767578125, 0.00353240966796875, -0.0469970703125] 1 NA NA
training_56 [-0.07733154296875, 0.104736328125, -0.043548583984375, -0.0206451416015625, -0.00952911376953125, -0.0333251953125] 1 NA NA
testing_5 [-0.058837890625, 0.08660888671875, -0.033111572265625, -0.00514984130859375, -0.01262664794921875, -0.044830322265625] 1 NA NA
training_147 [-0.228759765625, 0.10296630859375, -0.14892578125, -0.04449462890625, 0.173095703125, -0.057830810546875] 4 NA NA
training_90 [-0.10870361328125, 0.181640625, -0.115234375, -0.044464111328125, -0.01436614990234375, -0.048675537109375] 1 NA NA
training_37 [-0.08447265625, 0.10009765625, -0.09295654296875, 0.01016998291015625, -0.0170135498046875, -0.026397705078125] 1 NA NA
training_76 [-0.1055908203125, 0.1470947265625, -0.09442138671875, -0.0251312255859375, -0.0016202926635742188, -0.0474853515625] 1 NA NA
training_74 [-0.11602783203125, 0.09149169921875, -0.10906982421875, 0.0022735595703125, 0.006687164306640625, 0.005462646484375] 1 NA NA
training_24 [-0.07733154296875, 0.10186767578125, -0.033050537109375, -0.032012939453125, -0.006946563720703125, -0.025909423828125] 1 NA NA
training_151 [-0.1636962890625, 0.056915283203125, -0.18212890625, -0.05322265625, 0.19921875, -0.0207977294921875] 4 NA NA
training_63 [-0.1507568359375, 0.2269287109375, -0.1995849609375, -0.04071044921875, -0.019622802734375, -0.0266571044921875] 1 NA NA
training_10 [-0.1842041015625, 0.10321044921875, -0.1912841796875, -0.0204620361328125, 0.052520751953125, 0.06939697265625] 5 NA NA
training_66 [-0.154052734375, 0.03900146484375, -0.12646484375, -0.031097412109375, 0.1334228515625, 0.00739288330078125] 4 NA NA
training_2 [-0.1781005859375, 0.132568359375, -0.142578125, -0.038116455078125, 0.001407623291015625, 0.078369140625] 5 NA NA
Shoplifting048_x264 [-0.128662109375, 0.048370361328125, -0.147216796875, 0.175048828125, -0.051666259765625, -0.07562255859375] 3 NA NA
training_82 [-0.251708984375, 0.2276611328125, -0.2626953125, -0.0176544189453125, 0.01678466796875, 0.01143646240234375] 1 NA NA
video_15 [-0.08892822265625, 0.034149169921875, -0.11004638671875, 0.0338134765625, -0.059051513671875, 0.08746337890625] 5 NA NA
video_18 [-0.09991455078125, 0.041778564453125, -0.156982421875, 0.048187255859375, -0.018798828125, 0.058013916015625] 5 NA NA
video_44 [-0.12841796875, 0.0297393798828125, -0.21826171875, 0.01192474365234375, -0.026702880859375, 0.172607421875] 5 NA NA
video_10 [-0.136962890625, 0.046905517578125, -0.12213134765625, -0.036102294921875, -0.00748443603515625, 0.1380615234375] 5 NA NA
video_9 [-0.10614013671875, 0.05029296875, -0.1024169921875, 0.0080108642578125, -0.0267333984375, 0.0693359375] 5 NA NA
video_42 [-0.123291015625, 0.0309295654296875, -0.1522216796875, 0.0071563720703125, 0.02789306640625, 0.0823974609375] 5 NA NA
video_48 [-0.1910400390625, 0.0406494140625, -0.29833984375, 0.012908935546875, 0.00022292137145996094, 0.216796875] 5 NA NA
video_56 [-0.10955810546875, 0.049468994140625, -0.1553955078125, 0.003143310546875, -0.0125579833984375, 0.0980224609375] 5 NA NA
video_41 [-0.12139892578125, 0.042755126953125, -0.1767578125, 0.00272369384765625, 0.0005555152893066406, 0.11224365234375] 5 NA NA
training_56 [-0.073974609375, 0.07379150390625, -0.054656982421875, -0.03863525390625, 0.04412841796875, -0.021697998046875] -1 NA NA
training_10 [-0.047821044921875, 0.03668212890625, -0.0301055908203125, -0.015350341796875, 0.037628173828125, -0.0213775634765625] -1 NA NA
testing_11 [-0.0283203125, 0.03277587890625, 0.0033168792724609375, -0.01403045654296875, 0.017425537109375, -0.034637451171875] -1 NA NA
training_64 [-0.0304107666015625, 0.015838623046875, -0.024078369140625, 0.00943756103515625, 0.019500732421875, -0.0165252685546875] -1 NA NA
training_54 [-0.0308837890625, 0.0235443115234375, -0.00554656982421875, -0.0006504058837890625, 0.017425537109375, -0.0267486572265625] -1 NA NA
testing_13 [-0.037872314453125, 0.021240234375, -0.0185089111328125, -0.00933837890625, 0.0299224853515625, -0.0137786865234375] -1 NA NA
testing_22 [-0.08673095703125, 0.1126708984375, -0.055511474609375, -0.02191162109375, -0.0034732818603515625, -0.04229736328125] -1 NA NA
training_41 [-0.0286712646484375, 0.0243682861328125, -0.01403045654296875, -0.0003955364227294922, 0.0210113525390625, -0.027801513671875] -1 NA NA
training_9 [-0.033416748046875, 0.0269317626953125, -0.0309295654296875, -0.0018310546875, 0.02581787109375, -0.0208740234375] -1 NA NA
testing_19 [-0.038726806640625, 0.0295257568359375, -0.03619384765625, -0.02215576171875, 0.035980224609375, 0.0007948875427246094] -1 NA NA
testing_24 [-0.03546142578125, 0.0298004150390625, -0.03564453125, -0.0118408203125, 0.025177001953125, -0.007335662841796875] -1 NA NA
training_57 [-0.05548095703125, 0.0399169921875, -0.0307159423828125, -0.018707275390625, 0.049896240234375, -0.030670166015625] -1 NA NA
training_49 [-0.039306640625, 0.04571533203125, -0.055511474609375, 0.01507568359375, 0.007373809814453125, -0.034515380859375] -1 NA NA
training_11 [-0.0278778076171875, 0.023834228515625, -0.00887298583984375, -0.001583099365234375, 0.0191650390625, -0.0258331298828125] -1 NA NA
training_12 [-0.04644775390625, 0.044189453125, -0.06427001953125, -0.0245819091796875, 0.03448486328125, 0.00925445556640625] -1 NA NA
training_42 [-0.0279998779296875, -0.003643035888671875, -0.0108795166015625, -0.009002685546875, 0.002582550048828125, 0.04010009765625] -1 NA NA
training_60 [-0.03851318359375, 0.003814697265625, -0.033660888671875, -0.006378173828125, 0.0049285888671875, 0.046356201171875] -1 NA NA
training_68 [-0.036285400390625, -0.01091766357421875, -0.06298828125, 0.0172576904296875, 0.04669189453125, 0.014068603515625] -1 NA NA
training_69 [-0.0099334716796875, -0.0007739067077636719, -0.0002028942108154297, -0.0207672119140625, -0.001552581787109375, 0.035797119140625] -1 NA NA
training_29 [-0.0435791015625, -0.002124786376953125, -0.06414794921875, -0.00812530517578125, 0.026824951171875, 0.057891845703125] -1 NA NA
testing_13 [-0.0709228515625, 0.00726318359375, -0.114990234375, -0.00783538818359375, 0.05096435546875, 0.065673828125] -1 NA NA
training_75 [-0.027801513671875, -0.00638580322265625, -0.031646728515625, 0.006473541259765625, 0.01206207275390625, 0.0291290283203125] -1 NA NA
training_57 [0.0035953521728515625, -0.0186614990234375, 0.0101776123046875, 0.0081024169921875, -0.01800537109375, 0.0323486328125] -1 NA NA
training_63 [-0.01385498046875, -0.0102691650390625, -0.03375244140625, -0.006130218505859375, 0.007396697998046875, 0.045684814453125] -1 NA NA
training_28 [-0.0223541259765625, -0.00995635986328125, -0.055084228515625, 0.00728607177734375, 0.01540374755859375, 0.042327880859375] -1 NA NA
training_9 [-0.04150390625, 0.0157470703125, -0.01189422607421875, -0.03369140625, 0.01039886474609375, 0.040252685546875] -1 NA NA
training_20 [-0.0266571044921875, 0.006168365478515625, -0.0265655517578125, -0.00768280029296875, 0.0007176399230957031, 0.0377197265625] -1 NA NA
testing_8 [-0.0133819580078125, -0.0060272216796875, -0.0279388427734375, 0.0115509033203125, 0.0035305023193359375, 0.01983642578125] -1 NA NA
training_32 [-0.038055419921875, 0.00016939640045166016, -0.06298828125, 0.0186767578125, 0.02044677734375, 0.02325439453125] -1 NA NA
testing_20 [-0.054443359375, 0.0187530517578125, -0.03533935546875, -0.0095062255859375, -0.0122833251953125, 0.062042236328125] -1 NA NA
training_65 [-0.0438232421875, 0.04901123046875, -0.051788330078125, 0.00408172607421875, 0.00281524658203125, -0.019317626953125] -1 NA NA
testing_4 [-0.00858306884765625, 0.004817962646484375, -0.016693115234375, -0.01464080810546875, 0.0223541259765625, 0.0032367706298828125] -1 NA NA
training_61 [-0.09893798828125, 0.04400634765625, -0.10601806640625, 0.04541015625, 0.01328277587890625, -0.01462554931640625] -1 NA NA
training_37 [-0.049224853515625, 0.024658203125, -0.051910400390625, 0.00476837158203125, 0.0234832763671875, -0.0091094970703125] -1 NA NA
testing_26 [-0.116943359375, 0.032806396484375, -0.12103271484375, 0.00098419189453125, 0.0723876953125, 0.01367950439453125] -1 NA NA
training_5 [-0.060394287109375, 0.0582275390625, -0.0367431640625, -0.0191650390625, 0.01251220703125, -0.01470184326171875] -1 NA NA
training_9 [-0.05877685546875, 0.052642822265625, -0.04705810546875, 0.000896453857421875, -0.003387451171875, -0.0027484893798828125] -1 NA NA
training_20 [-0.05938720703125, 0.031494140625, -0.08013916015625, 0.007015228271484375, 0.043060302734375, -0.0196685791015625] -1 NA NA
testing_17 [-0.06536865234375, 0.0269317626953125, -0.11712646484375, -0.0146331787109375, 0.07012939453125, 0.0227203369140625] -1 NA NA
training_18 [-0.095458984375, 0.05535888671875, -0.12225341796875, -0.01076507568359375, 0.059051513671875, -0.00743865966796875] -1 NA NA
training_50 [-0.0638427734375, 0.0462646484375, -0.1185302734375, 0.03314208984375, 0.0257415771484375, -0.02056884765625] -1 NA NA
training_55 [-0.08538818359375, 0.0439453125, -0.09912109375, 0.024932861328125, 0.0300445556640625, -0.0193023681640625] -1 NA NA
training_25 [-0.0716552734375, 0.035125732421875, -0.08343505859375, -0.002574920654296875, 0.053619384765625, -0.0084381103515625] -1 NA NA
testing_12 [-0.0731201171875, 0.05279541015625, -0.089111328125, -0.048370361328125, 0.058868408203125, 0.0275421142578125] -1 NA NA
training_69 [-0.151123046875, 0.06182861328125, -0.1651611328125, 0.020965576171875, 0.06689453125, -0.00150299072265625] -1 NA NA
training_13 [-0.0219268798828125, -0.027801513671875, 0.00438690185546875, -0.0011701583862304688, 0.041839599609375, 0.0004992485046386719] -1 NA NA
training_30 [-0.0160980224609375, 0.00461578369140625, -0.0110626220703125, 0.020599365234375, -0.005535125732421875, -0.014617919921875] -1 NA NA
testing_4 [-0.016448974609375, -0.01043701171875, 0.002811431884765625, -0.001377105712890625, 0.0180816650390625, 0.002147674560546875] -1 NA NA
training_33 [0.004756927490234375, -0.038360595703125, 0.03582763671875, -0.0191497802734375, 0.01430511474609375, 0.0186767578125] -1 NA NA
training_47 [0.0008525848388671875, -0.023284912109375, 0.017913818359375, -0.017303466796875, 0.01531219482421875, 0.0201873779296875] -1 NA NA
training_74 [-0.04534912109375, 0.0145721435546875, -0.00925445556640625, -0.0017766952514648438, 0.0184173583984375, -0.0111083984375] -1 NA NA
testing_25 [-0.06292724609375, 0.05804443359375, -0.0596923828125, -0.0010824203491210938, 0.02752685546875, -0.034942626953125] -1 NA NA
testing_18 [-0.0184326171875, -0.0006999969482421875, -0.01214599609375, 0.008880615234375, 0.01031494140625, -0.0081329345703125] -1 NA NA
training_40 [-0.034912109375, 0.01123046875, -0.0196685791015625, -0.036773681640625, 0.0433349609375, 0.0117340087890625] -1 NA NA
training_65 [-0.00531768798828125, 0.0050811767578125, 0.0257110595703125, -0.0080413818359375, 0.003345489501953125, -0.0176544189453125] -1 NA NA
training_64 [-0.012359619140625, 0.0050506591796875, 0.011383056640625, -0.0087127685546875, 0.0182037353515625, -0.0178680419921875] -1 NA NA
training_9 [-0.0261993408203125, 0.010986328125, -0.0350341796875, -0.00525665283203125, 0.0119171142578125, 0.00623321533203125] -1 NA NA
training_42 [-0.044525146484375, 0.0273284912109375, -0.060333251953125, 0.00980377197265625, 0.04681396484375, -0.040130615234375] -1 NA NA
training_62 [-0.00469207763671875, -0.0230560302734375, 0.01168060302734375, 0.007518768310546875, 0.0120849609375, -0.005157470703125] -1 NA NA
training_52 [-0.034423828125, 0.031402587890625, -0.018646240234375, -6.562471389770508e-05, 0.024749755859375, -0.03668212890625] -1 NA NA
training_74 [-0.138916015625, 0.11077880859375, -0.09136962890625, -0.008148193359375, 0.0284881591796875, -0.0330810546875] -1 NA NA
testing_2 [-0.06085205078125, 0.032012939453125, -0.0255584716796875, -0.027099609375, 0.0318603515625, 0.00583648681640625] -1 NA NA
training_22 [-0.042449951171875, 0.034576416015625, -0.036407470703125, -0.031585693359375, 0.03424072265625, 0.0026035308837890625] -1 NA NA
training_86 [-0.0372314453125, 0.0249786376953125, 0.034149169921875, -0.061004638671875, 0.03204345703125, 0.006946563720703125] -1 NA NA
training_45 [-0.07257080078125, 0.046966552734375, -0.04180908203125, -0.0200042724609375, 0.0270233154296875, -0.00312042236328125] -1 NA NA
training_48 [-0.12005615234375, 0.08892822265625, -0.045013427734375, -0.10662841796875, 0.05633544921875, 0.054229736328125] -1 NA NA
training_10 [-0.0225372314453125, 0.0237274169921875, 0.01261138916015625, -0.024658203125, 0.0222930908203125, -0.01507568359375] -1 NA NA
training_25 [-0.042022705078125, 0.0295867919921875, -0.0750732421875, 0.044525146484375, 0.004100799560546875, -0.034912109375] -1 NA NA
training_6 [-0.03094482421875, 0.0286865234375, 0.027801513671875, -0.03973388671875, 0.0250701904296875, -0.0194091796875] -1 NA NA
training_19 [-0.093017578125, 0.0667724609375, -0.06939697265625, -0.06158447265625, 0.0533447265625, 0.0250701904296875] -1 NA NA
training_12 [-0.068115234375, 0.055084228515625, 0.04522705078125, -0.07470703125, 0.04351806640625, -0.006877899169921875] -1 NA NA
training_40 [-0.07379150390625, 0.0265655517578125, -0.00666046142578125, -0.058380126953125, 0.062408447265625, 0.0218353271484375] -1 NA NA
testing_25 [-0.063720703125, 0.05560302734375, -0.035247802734375, -0.034759521484375, 0.01459503173828125, 0.01117706298828125] -1 NA NA
training_54 [-0.029510498046875, 0.0325927734375, 0.00936126708984375, -0.035400390625, 0.01416015625, -0.0025844573974609375] -1 NA NA
training_13 [-0.0673828125, 0.041168212890625, 0.05926513671875, -0.093017578125, 0.052398681640625, 0.0190582275390625] -1 NA NA
testing_5 [-0.291259765625, 0.1375732421875, -0.2783203125, -0.07867431640625, 0.214111328125, 0.0228729248046875] 4 NA NA
training_35 [-0.1539306640625, 0.1680908203125, -0.169921875, -0.053955078125, 0.025787353515625, 0.01100921630859375] 1 NA NA
training_64 [-0.05059814453125, 0.029296875, -0.041473388671875, 0.023223876953125, 0.023712158203125, -0.042816162109375] 4 NA NA
training_5 [-0.06817626953125, 0.0946044921875, -0.02764892578125, -0.0170745849609375, -0.0144195556640625, -0.0361328125] 1 NA NA
video_39 [-0.1658935546875, 0.0469970703125, -0.273193359375, 0.0092620849609375, -0.016632080078125, 0.196533203125] 5 NA NA
training_77 [-0.1396484375, 0.1239013671875, -0.14111328125, 0.00937652587890625, 0.020416259765625, -0.03155517578125] 1 NA NA
training_4 [-0.07550048828125, 0.09375, -0.07470703125, -0.0206451416015625, -0.007686614990234375, -0.0009937286376953125] 1 NA NA
training_67 [-0.2125244140625, 0.1771240234375, -0.2042236328125, 0.004047393798828125, -0.00045037269592285156, 0.00817108154296875] 1 NA NA
Burglary070_x264 [-0.2337646484375, 0.1112060546875, -0.483642578125, 0.38134765625, -0.0390625, -0.1600341796875] 0 NA NA
video_38 [-0.12091064453125, 0.0261688232421875, -0.156005859375, 0.0088348388671875, 0.01181793212890625, 0.10455322265625] 5 NA NA
training_73 [-0.254638671875, 0.200439453125, -0.350830078125, -0.00986480712890625, 0.09210205078125, 0.0159759521484375] 1 NA NA
e4be41c8-2723-4c53-b392-fac1bc393d59_combined [-0.11346435546875, 0.0472412109375, -0.148193359375, 0.06353759765625, 0.106201171875, -0.09820556640625] 4 NA NA
e8c61a8a-9f16-4646-af05-25aaa8010d6f_combined [-0.176513671875, 0.1444091796875, -0.2607421875, 0.1739501953125, 0.0301055908203125, -0.18408203125] 4 NA NA
video_3 [-0.1031494140625, 0.043365478515625, -0.11981201171875, 0.0170440673828125, -0.03643798828125, 0.0892333984375] 5 NA NA
42c2228f-e3c5-43e4-823b-5dfab62212d6_combined [-0.14990234375, 0.07391357421875, -0.19482421875, 0.1048583984375, 0.049896240234375, -0.08319091796875] 3 NA NA
Stealing055_x264 [-0.1510009765625, 0.06878662109375, -0.269287109375, 0.25634765625, -0.0772705078125, -0.09259033203125] 3 NA NA
41e4be35-2d1d-4c9d-b528-69e65dfac026_combined [-0.07244873046875, 0.04376220703125, -0.1114501953125, 0.05572509765625, 0.042938232421875, -0.06341552734375] 4 NA NA
testing_15 [-0.152099609375, 0.017974853515625, 0.25634765625, -0.0416259765625, -0.0186309814453125, -0.0611572265625] 2 NA NA
training_66 [-0.17236328125, 0.05413818359375, 0.004032135009765625, -0.09814453125, 0.07672119140625, 0.051666259765625] 5 NA NA
Fighting023_x264 [-0.1815185546875, 0.10809326171875, -0.2435302734375, 0.1295166015625, 0.007419586181640625, -0.065185546875] 1 NA NA
training_105 [-0.1810302734375, 0.090576171875, -0.2381591796875, 0.05975341796875, 0.07666015625, -0.033477783203125] 4 NA NA
training_36 [-0.0257568359375, 0.0149688720703125, -0.00594329833984375, -0.0019159317016601562, 0.0250091552734375, -0.026031494140625] -1 NA NA
training_24 [-0.05181884765625, 0.04736328125, -0.023101806640625, -0.0251007080078125, 0.0284881591796875, -0.0209197998046875] -1 NA NA
training_16 [-0.037078857421875, 0.0215606689453125, -0.01551055908203125, -0.00345611572265625, 0.027099609375, -0.019744873046875] -1 NA NA
testing_2 [-0.06817626953125, 0.0706787109375, -0.05767822265625, -0.0011348724365234375, 0.018310546875, -0.04071044921875] -1 NA NA
training_22 [-0.0308990478515625, 0.0269775390625, -0.0245513916015625, 0.023345947265625, 0.016510009765625, -0.04876708984375] -1 NA NA
training_8 [-0.03900146484375, 0.022003173828125, -0.014404296875, -0.0215301513671875, 0.03741455078125, -0.0082855224609375] -1 NA NA
training_68 [-0.1678466796875, 0.09857177734375, -0.1923828125, 0.08343505859375, 0.046173095703125, -0.0787353515625] -1 NA NA
testing_21 [-0.0251617431640625, 0.0155181884765625, 0.0022640228271484375, 0.005657196044921875, 0.0175933837890625, -0.034759521484375] -1 NA NA
training_43 [-0.0771484375, 0.053466796875, -0.06072998046875, -0.005382537841796875, 0.0169830322265625, -0.00431060791015625] -1 NA NA
training_38 [-0.03314208984375, 0.0186004638671875, -0.020172119140625, 0.00047707557678222656, 0.0189056396484375, -0.01416778564453125] -1 NA NA
training_4 [-0.0294952392578125, 0.023773193359375, -0.021484375, -0.0269927978515625, 0.040863037109375, -0.0070037841796875] -1 NA NA
testing_14 [-0.0258026123046875, 0.016998291015625, -0.0098114013671875, -0.0027008056640625, 0.01812744140625, -0.0195465087890625] -1 NA NA
testing_7 [-0.0726318359375, 0.048675537109375, -0.0830078125, 0.027191162109375, 0.016326904296875, -0.021209716796875] -1 NA NA
training_25 [-0.045806884765625, 0.03973388671875, -0.004375457763671875, -0.0204925537109375, 0.031982421875, -0.0374755859375] -1 NA NA
training_13 [-0.01544189453125, 0.0094451904296875, -0.0024509429931640625, -0.00133514404296875, 0.025054931640625, -0.025665283203125] -1 NA NA
training_17 [-0.0384521484375, 0.01293182373046875, -0.030059814453125, -0.0031757354736328125, 0.007732391357421875, 0.0222320556640625] -1 NA NA
training_33 [-0.042510986328125, 0.0030956268310546875, -0.05853271484375, 0.00659942626953125, 0.0191497802734375, 0.034271240234375] -1 NA NA
training_59 [-0.17919921875, 0.09161376953125, -0.1671142578125, -0.07220458984375, 0.1275634765625, 0.038604736328125] -1 NA NA
training_43 [-0.0265960693359375, -0.01216888427734375, -0.031646728515625, -0.0035228729248046875, 0.006237030029296875, 0.054351806640625] -1 NA NA
testing_3 [-0.038055419921875, 0.01371002197265625, -0.006465911865234375, -0.0321044921875, 0.0086669921875, 0.03729248046875] -1 NA NA
training_41 [-0.03857421875, 0.01119232177734375, -0.066162109375, 0.029815673828125, -0.0247039794921875, 0.044647216796875] -1 NA NA
testing_17 [-0.030975341796875, -0.01175689697265625, -0.028839111328125, 0.0033550262451171875, 0.0210418701171875, 0.0305938720703125] -1 NA NA
testing_10 [-0.0261383056640625, -0.01331329345703125, -0.052459716796875, 0.01285552978515625, 0.014862060546875, 0.035980224609375] -1 NA NA
testing_6 [-0.01153564453125, -0.00150299072265625, -0.00493621826171875, 0.0114288330078125, -0.01435089111328125, 0.0225067138671875] -1 NA NA
training_51 [-0.040924072265625, -0.0110626220703125, -0.0218048095703125, -0.0116119384765625, 0.0311737060546875, 0.03839111328125] -1 NA NA
training_46 [-0.05108642578125, 0.00276947021484375, -0.0870361328125, 0.01204681396484375, 0.01641845703125, 0.056121826171875] -1 NA NA
testing_11 [-0.0277557373046875, -0.006664276123046875, -0.057342529296875, 0.01551055908203125, 0.020538330078125, 0.0266876220703125] -1 NA NA
training_74 [-0.01010894775390625, 0.0001964569091796875, -0.00843048095703125, 0.0164947509765625, -0.00624847412109375, 0.00171661376953125] -1 NA NA
training_76 [-0.057647705078125, 0.0266265869140625, -0.051116943359375, 0.0187530517578125, -0.003856658935546875, 0.01409149169921875] -1 NA NA
training_55 [-0.0312042236328125, -0.00994873046875, -0.038543701171875, 0.00901031494140625, 0.0210113525390625, 0.0283050537109375] -1 NA NA
testing_1 [-0.136962890625, 0.05810546875, -0.1434326171875, 0.0087890625, 0.035125732421875, 0.0418701171875] -1 NA NA
training_43 [-0.12298583984375, 0.046722412109375, -0.129638671875, 0.01242828369140625, 0.061279296875, 0.009490966796875] -1 NA NA
training_54 [-0.06488037109375, 0.03338623046875, -0.06658935546875, 0.017913818359375, 0.027008056640625, -0.027435302734375] -1 NA NA
training_28 [-0.1571044921875, 0.037689208984375, -0.151123046875, -0.048370361328125, 0.2115478515625, -0.026763916015625] -1 NA NA
testing_11 [-0.09283447265625, 0.0262908935546875, -0.092041015625, -0.039337158203125, 0.0906982421875, 0.032745361328125] -1 NA NA
training_31 [-0.01296234130859375, 0.0158538818359375, -0.01261138916015625, 0.005290985107421875, -0.0012464523315429688, -0.00252532958984375] -1 NA NA
training_58 [-0.09564208984375, 0.045745849609375, -0.126220703125, 0.043701171875, 0.037567138671875, -0.029632568359375] -1 NA NA
testing_3 [-0.051361083984375, 0.0208740234375, -0.06121826171875, 0.0036525726318359375, 0.04351806640625, -0.0119476318359375] -1 NA NA
testing_14 [-0.060791015625, 0.04052734375, -0.06494140625, 0.016754150390625, 0.0162353515625, -0.03094482421875] -1 NA NA
training_38 [-0.051025390625, 0.02716064453125, -0.052459716796875, -0.0016965866088867188, 0.031890869140625, -0.01256561279296875] -1 NA NA
training_14 [-0.10540771484375, 0.056732177734375, -0.1220703125, 0.014251708984375, 0.0347900390625, 0.00672149658203125] -1 NA NA
training_15 [-0.113525390625, 0.06024169921875, -0.11553955078125, -0.01114654541015625, 0.052398681640625, 0.01580810546875] -1 NA NA
training_73 [-0.08404541015625, 0.019439697265625, -0.11199951171875, -0.0014133453369140625, 0.08074951171875, 0.004337310791015625] -1 NA NA
training_32 [-0.0246124267578125, 0.0164642333984375, -0.0406494140625, 0.00838470458984375, 0.004268646240234375, 0.0116424560546875] -1 NA NA
training_6 [-0.06591796875, 0.0548095703125, -0.0477294921875, -0.01300811767578125, 0.0020580291748046875, 0.0039520263671875] -1 NA NA
testing_1 [-0.02862548828125, -0.0018472671508789062, -0.02813720703125, -0.0037326812744140625, 0.022613525390625, 0.0128173828125] -1 NA NA
training_71 [-0.0328369140625, 0.0234832763671875, -0.01904296875, -0.0168304443359375, 0.0237274169921875, -0.00902557373046875] -1 NA NA
training_12 [-0.018310546875, 0.013427734375, -0.00762939453125, 0.0164947509765625, -0.00034999847412109375, -0.0292205810546875] -1 NA NA
training_31 [-0.01528167724609375, -0.0029163360595703125, -0.01085662841796875, 0.0162506103515625, -0.004695892333984375, 0.0006570816040039062] -1 NA NA
testing_27 [-0.0307769775390625, 0.0009365081787109375, 0.005512237548828125, -0.0082550048828125, 0.020843505859375, -0.0015659332275390625] -1 NA NA
training_69 [-0.134765625, 0.0694580078125, -0.143798828125, -0.004459381103515625, 0.048828125, 0.024627685546875] -1 NA NA
testing_32 [-0.031768798828125, 0.01351165771484375, -0.00864410400390625, -0.035614013671875, 0.033172607421875, 0.0104217529296875] -1 NA NA
testing_29 [-0.00786590576171875, -0.0003647804260253906, -0.0037097930908203125, 0.034759521484375, -0.0019445419311523438, -0.034820556640625] -1 NA NA
testing_26 [-0.0019311904907226562, -0.012237548828125, -0.01666259765625, -0.0009512901306152344, 0.020050048828125, 0.00421142578125] -1 NA NA
training_7 [-0.0330810546875, -0.006198883056640625, -0.00836181640625, -0.004497528076171875, 0.033111572265625, 0.0002694129943847656] -1 NA NA
training_4 [-0.0254669189453125, 0.005496978759765625, -0.0186920166015625, 0.0089569091796875, 0.01568603515625, -0.01348876953125] -1 NA NA
training_17 [-0.0225982666015625, 0.01039886474609375, 0.00038242340087890625, 0.0034503936767578125, 0.0030765533447265625, -0.01433563232421875] -1 NA NA
training_5 [-0.031585693359375, 0.01012420654296875, -0.02374267578125, 0.00040411949157714844, 0.0225982666015625, -0.01210784912109375] -1 NA NA
testing_13 [-0.043914794921875, 0.024322509765625, -0.0107879638671875, 0.0145263671875, 0.016693115234375, -0.028900146484375] -1 NA NA
training_34 [-0.0093841552734375, -0.012542724609375, -0.00037384033203125, 0.011322021484375, 0.00933837890625, -0.007663726806640625] -1 NA NA
testing_30 [-0.09625244140625, 0.058563232421875, -0.033355712890625, -0.0556640625, 0.0570068359375, 0.00795745849609375] -1 NA NA
training_91 [-0.11328125, 0.03173828125, -0.067626953125, -0.053436279296875, 0.052398681640625, 0.0758056640625] -1 NA NA
training_21 [-0.0360107421875, 0.0411376953125, 0.0013799667358398438, -0.032073974609375, 0.01045989990234375, -0.0111541748046875] -1 NA NA
training_31 [-0.10797119140625, 0.10113525390625, -0.09930419921875, -0.06494140625, 0.07012939453125, -0.00795745849609375] -1 NA NA
training_73 [-0.050384521484375, 0.020355224609375, 0.0029010772705078125, -0.0565185546875, 0.046051025390625, 0.0224151611328125] -1 NA NA
training_27 [-0.0953369140625, 0.03594970703125, -0.04364013671875, -0.0970458984375, 0.107666015625, 0.05096435546875] -1 NA NA
training_23 [-0.035125732421875, 0.029510498046875, -0.020751953125, -0.0230560302734375, 0.0252532958984375, -0.006298065185546875] -1 NA NA
training_11 [-0.0194244384765625, 0.0229339599609375, 0.0362548828125, -0.032684326171875, 0.0168304443359375, -0.0128021240234375] -1 NA NA
testing_24 [-0.0264739990234375, 0.01861572265625, 0.0269927978515625, -0.051300048828125, 0.0240631103515625, 0.01378631591796875] -1 NA NA
testing_17 [-0.06768798828125, 0.07611083984375, -0.033447265625, -0.0714111328125, 0.03240966796875, 0.02197265625] -1 NA NA
training_3 [-0.0295867919921875, 0.019622802734375, -0.0136871337890625, -0.0110626220703125, 0.0143585205078125, -0.0016536712646484375] -1 NA NA
training_2 [-0.03179931640625, 0.02178955078125, 0.0218505859375, -0.039581298828125, 0.025177001953125, -0.001079559326171875] -1 NA NA
testing_23 [-0.12274169921875, 0.0897216796875, -0.08984375, -0.07440185546875, 0.0557861328125, 0.034027099609375] -1 NA NA
training_71 [-0.11676025390625, 0.08880615234375, -0.109375, -0.0538330078125, 0.05255126953125, 0.0311737060546875] -1 NA NA
testing_11 [-0.08563232421875, 0.034759521484375, -0.041839599609375, -0.035858154296875, 0.053863525390625, 0.01959228515625] -1 NA NA
training_87 [-0.1893310546875, 0.1474609375, -0.324462890625, 0.0191192626953125, 0.0177154541015625, 0.06121826171875] 5 NA NA
training_52 [-0.1202392578125, 0.1356201171875, -0.07916259765625, -0.01366424560546875, 0.0106964111328125, -0.0518798828125] 1 NA NA
8fb81715-2ca5-4e50-8327-dcd4f4a286a9_combined [-0.17236328125, 0.0487060546875, -0.1622314453125, 0.04742431640625, 0.08245849609375, -0.03314208984375] 4 NA NA
training_47 [-0.1748046875, 0.1318359375, -0.13037109375, -0.07122802734375, 0.0380859375, 0.0555419921875] 1 NA NA
Abuse008_x264 [-0.15673828125, 0.09326171875, -0.2305908203125, 0.15087890625, -0.024932861328125, -0.060791015625] 1 NA NA
Fighting032_x264 [-0.1376953125, 0.08880615234375, -0.212890625, 0.1705322265625, -0.0269317626953125, -0.102294921875] 1 NA NA
testing_5 [-0.0843505859375, 0.1552734375, -0.06976318359375, -0.044921875, -0.01641845703125, -0.049835205078125] 1 NA NA
Burglary008_x264 [-0.132080078125, 0.07684326171875, -0.3037109375, 0.17041015625, -0.0635986328125, 0.00725555419921875] 0 NA NA
training_29 [-0.1158447265625, 0.0499267578125, -0.120849609375, -0.029571533203125, 0.1290283203125, -0.02801513671875] 4 NA NA
training_65 [-0.328857421875, 0.10870361328125, -0.107421875, -0.123046875, 0.126708984375, 0.1153564453125] 5 NA NA
Robbery056_x264 [-0.2117919921875, 0.1456298828125, -0.329833984375, 0.312744140625, -0.08758544921875, -0.1751708984375] 3 NA NA
testing_2 [-0.1771240234375, 0.10382080078125, -0.273681640625, 0.0947265625, 0.0732421875, -0.06060791015625] 5 NA NA
Burglary031_x264 [-0.121826171875, 0.0543212890625, -0.246826171875, 0.2135009765625, -0.0645751953125, -0.055206298828125] 0 NA NA
training_60 [-0.10711669921875, 0.05841064453125, -0.06842041015625, -0.043060302734375, 0.06011962890625, 0.00960540771484375] 4 NA NA
training_93 [-0.130126953125, 0.043365478515625, -0.1444091796875, 0.00962066650390625, 0.1307373046875, -0.049407958984375] 4 NA NA
481cf802-6eec-4011-81bc-70d8b7cc769b_combined [-0.27294921875, 0.1473388671875, -0.468994140625, 0.257568359375, 0.135498046875, -0.2186279296875] 4 NA NA
e4c50c54-6c6b-42ae-a873-1c7443536372 [-0.1409912109375, 0.087890625, -0.1932373046875, 0.1083984375, 0.0634765625, -0.12646484375] 3 NA NA
training_81 [-0.10028076171875, 0.08038330078125, -0.09735107421875, -0.00762176513671875, 0.024383544921875, -0.002559661865234375] 1 NA NA
training_56 [-0.08575439453125, 0.0380859375, -0.0872802734375, -0.0117340087890625, 0.0498046875, 0.0178375244140625] 5 NA NA
training_130 [-0.1817626953125, 0.091796875, -0.1873779296875, -0.02239990234375, 0.1419677734375, -0.0309295654296875] 4 NA NA
training_16 [-0.027801513671875, 0.019378662109375, -0.013671875, 0.00708770751953125, 0.019927978515625, -0.033447265625] 1 NA NA
training_142 [-0.31201171875, 0.1590576171875, -0.41064453125, 0.055206298828125, 0.2138671875, -0.08160400390625] 4 NA NA
training_70 [-0.101318359375, 0.018951416015625, 0.184814453125, -0.027862548828125, -0.01837158203125, -0.055694580078125] 2 NA NA
Stealing071_x264 [-0.10247802734375, 0.0833740234375, -0.178466796875, 0.10357666015625, 0.045654296875, -0.11883544921875] 3 NA NA
Abuse044_x264 [-0.0888671875, 0.053985595703125, -0.0765380859375, -0.0111083984375, 0.00678253173828125, 0.0249176025390625] 1 NA NA
Robbery003_x264 [-0.09527587890625, 0.032379150390625, -0.139892578125, 0.1790771484375, -0.0379638671875, -0.093505859375] 3 NA NA
training_55 [-0.180419921875, 0.11492919921875, -0.134765625, -0.06396484375, 0.07879638671875, 0.0264892578125] 5 NA NA
training_2 [-0.0760498046875, 0.0987548828125, -0.041717529296875, -0.0106353759765625, -0.01544952392578125, -0.0350341796875] 1 NA NA
Stealing069_x264 [-0.1236572265625, 0.0782470703125, -0.2255859375, 0.16015625, 0.051513671875, -0.14892578125] 3 NA NA
Assault028_x264 [-0.1416015625, 0.122314453125, -0.212890625, 0.1077880859375, 0.027740478515625, -0.11529541015625] 1 NA NA
Shoplifting029_x264 [-0.1680908203125, 0.07794189453125, -0.237548828125, 0.206787109375, -0.0340576171875, -0.0911865234375] 3 NA NA
4059b615-970a-4184-8dfd-ef37f15b283f_combined [-0.089111328125, 0.06719970703125, -0.1624755859375, 0.0977783203125, 0.04052734375, -0.1048583984375] 4 NA NA
Stealing037_x264 [-0.185791015625, 0.15771484375, -0.279296875, 0.1568603515625, -0.037322998046875, -0.09954833984375] 3 NA NA
Robbery006_x264 [-0.2149658203125, 0.11431884765625, -0.436767578125, 0.44287109375, -0.1400146484375, -0.178466796875] 3 NA NA
Stealing094_x264 [-0.1187744140625, 0.08660888671875, -0.178955078125, 0.10552978515625, 0.028717041015625, -0.0992431640625] 3 NA NA
386f7adb-b84c-44c1-acf6-9037ecb35714 [-0.1710205078125, 0.06976318359375, -0.29736328125, 0.273193359375, -0.0192413330078125, -0.1484375] 3 NA NA
Burglary066_x264 [-0.09185791015625, 0.051116943359375, -0.210693359375, 0.1583251953125, 0.0201263427734375, -0.10894775390625] 0 NA NA
training_40 [-0.172607421875, 0.09136962890625, -0.179931640625, -0.033294677734375, 0.08447265625, 0.0377197265625] 5 NA NA
training_68 [-0.312255859375, 0.169189453125, -0.265380859375, -0.134521484375, 0.19580078125, 0.08563232421875] 5 NA NA
Abuse025_x264 [-0.11224365234375, 0.09130859375, -0.17822265625, 0.0972900390625, -0.03387451171875, -0.041412353515625] 1 NA NA
training_87 [-0.1307373046875, 0.142578125, -0.1412353515625, -0.0577392578125, 0.01006317138671875, 0.0185546875] 1 NA NA
cd3dc746-1293-45e1-ac03-d7e1a97760f4_combined [-0.205078125, 0.1405029296875, -0.271484375, 0.160400390625, 0.026092529296875, -0.135498046875] 4 NA NA
Burglary012_x264 [-0.1319580078125, 0.109130859375, -0.267578125, 0.1531982421875, -0.0703125, -0.030364990234375] 0 NA NA
Burglary009_x264 [-0.2318115234375, 0.151611328125, -0.488525390625, 0.284912109375, -0.0682373046875, -0.07513427734375] 0 NA NA
testing_25 [-0.07666015625, 0.10302734375, -0.0428466796875, -0.0210113525390625, -0.00847625732421875, -0.032928466796875] 1 NA NA
training_93 [-0.1495361328125, 0.09356689453125, -0.13330078125, -0.034027099609375, 0.056060791015625, 0.0297088623046875] 1 NA NA
Burglary077_x264 [-0.1600341796875, 0.09466552734375, -0.266357421875, 0.2427978515625, -0.06439208984375, -0.1131591796875] 0 NA NA
testing_23 [-0.26806640625, 0.12548828125, -0.16259765625, -0.0943603515625, 0.16845703125, 0.0204925537109375] 4 NA NA
Burglary089_x264 [-0.1451416015625, 0.10498046875, -0.32861328125, 0.1634521484375, -0.00034427642822265625, -0.06427001953125] 0 NA NA
training_53 [-0.06268310546875, 0.0287628173828125, -0.07861328125, -0.003421783447265625, 0.02587890625, 0.0205230712890625] 5 NA NA
testing_9 [-0.1636962890625, 0.163330078125, -0.209716796875, 0.0278778076171875, 0.038177490234375, -0.064453125] 1 NA NA
training_54 [-0.11395263671875, 0.18896484375, -0.1558837890625, 0.01422882080078125, -0.0260772705078125, -0.0875244140625] 1 NA NA
f7be13d4-852b-4a0d-86e8-45b913465090_combined [-0.1229248046875, 0.078369140625, -0.1961669921875, 0.09326171875, 0.0794677734375, -0.1136474609375] 3 NA NA
training_95 [-0.1455078125, 0.0160369873046875, -0.103759765625, -0.05487060546875, 0.1893310546875, -0.01003265380859375] 4 NA NA
Fighting036_x264 [-0.2288818359375, 0.159423828125, -0.309326171875, 0.13037109375, 0.03167724609375, -0.0936279296875] 1 NA NA
testing_8 [-0.142822265625, 0.02783203125, 0.2294921875, -0.040924072265625, -0.02813720703125, -0.051483154296875] 2 NA NA
training_72 [-0.1484375, 0.0576171875, -0.1373291015625, -0.0186767578125, 0.156494140625, -0.054046630859375] 4 NA NA
Burglary072_x264 [-0.2110595703125, 0.1383056640625, -0.37841796875, 0.212646484375, 0.01560211181640625, -0.1163330078125] 0 NA NA
training_196 [-0.306640625, 0.1646728515625, -0.339599609375, -0.00432586669921875, 0.181884765625, -0.02301025390625] 4 NA NA
testing_8 [-0.26513671875, 0.1173095703125, -0.275390625, -0.041534423828125, 0.2413330078125, -0.04327392578125] 4 NA NA
Burglary048_x264 [-0.1351318359375, 0.081787109375, -0.23388671875, 0.0992431640625, 0.007740020751953125, -0.025634765625] 0 NA NA
Assault023_x264 [-0.252685546875, 0.1864013671875, -0.406982421875, 0.1710205078125, 0.062255859375, -0.13134765625] 1 NA NA
17dc7d04-4430-4534-8ed4-38f8d9cc9ae9_combined [-0.10052490234375, 0.0672607421875, -0.159912109375, 0.137939453125, 0.01143646240234375, -0.12200927734375] 4 NA NA
training_17 [-0.205322265625, 0.162109375, -0.251953125, 0.01397705078125, 0.0975341796875, -0.0628662109375] 4 NA NA
training_91 [-0.23876953125, 0.1151123046875, -0.2489013671875, -0.01296234130859375, 0.08038330078125, 0.0667724609375] 5 NA NA
testing_15 [-0.08416748046875, 0.11041259765625, -0.050933837890625, -0.027252197265625, -0.004482269287109375, -0.0294952392578125] 1 NA NA
testing_7 [-0.2176513671875, 0.08612060546875, -0.1624755859375, -0.07806396484375, 0.10125732421875, 0.087890625] 5 NA NA
training_3 [-0.165283203125, 0.046844482421875, 0.1307373046875, -0.0374755859375, 0.0023403167724609375, -0.0307769775390625] 2 NA NA
Stealing054_x264 [-0.029754638671875, 0.0200958251953125, -0.039886474609375, 0.0635986328125, -0.00830841064453125, -0.05767822265625] 3 NA NA
f3be952f-7a3e-429c-bb25-5b0f8c8ac916_combined [-0.2254638671875, 0.07110595703125, -0.445556640625, 0.43310546875, -0.044952392578125, -0.1995849609375] 4 NA NA
training_9 [-0.09930419921875, 0.1112060546875, -0.056427001953125, -0.0114593505859375, 0.0003924369812011719, -0.040496826171875] 1 NA NA
testing_10 [-0.1304931640625, 0.0311279296875, 0.1964111328125, -0.037261962890625, -0.0169677734375, -0.052520751953125] 2 NA NA
training_56 [-0.09735107421875, 0.01136016845703125, 0.139404296875, -0.01812744140625, -0.003543853759765625, -0.0316162109375] 2 NA NA
training_4 [-0.1556396484375, 0.036834716796875, 0.1912841796875, -0.034698486328125, -0.023345947265625, -0.044097900390625] 2 NA NA
training_61 [-0.133056640625, 0.0289459228515625, 0.2113037109375, -0.026275634765625, -0.0350341796875, -0.0574951171875] 2 NA NA
Robbery089_x264 [-0.1600341796875, 0.133544921875, -0.239990234375, 0.1656494140625, -0.034881591796875, -0.11004638671875] 3 NA NA
training_36 [-0.03375244140625, 0.039276123046875, -0.01071929931640625, -0.02508544921875, -0.00193023681640625, 0.00118255615234375] 1 NA NA
fdacbba7-db40-4582-92ad-c3710db32e3f_combined [-0.1468505859375, 0.032196044921875, -0.390380859375, 0.405029296875, -0.06768798828125, -0.1744384765625] 3 NA NA
Assault046_x264 [-0.18408203125, 0.138671875, -0.306640625, 0.2203369140625, -0.026641845703125, -0.150390625] 1 NA NA
testing_31 [-0.1485595703125, 0.060943603515625, -0.116943359375, -0.09033203125, 0.12744140625, 0.05657958984375] 4 NA NA
fb33df3f-e915-4806-b4d2-bbd816695713_combined [-0.2098388671875, 0.08392333984375, -0.2197265625, 0.09844970703125, 0.1220703125, -0.1263427734375] 4 NA NA
Shoplifting012_x264 [-0.14013671875, 0.0672607421875, -0.15087890625, 0.144287109375, -0.07464599609375, -0.031951904296875] 3 NA NA
training_36 [-0.231689453125, 0.105224609375, -0.30712890625, -0.028961181640625, 0.176025390625, 0.02386474609375] 4 NA NA
testing_11 [-0.1663818359375, 0.2347412109375, -0.2139892578125, 0.00445556640625, 0.004093170166015625, -0.10064697265625] 1 NA NA
testing_9 [-0.08782958984375, 0.04461669921875, -0.0748291015625, -0.03466796875, 0.016448974609375, 0.05859375] 5 NA NA
Robbery114_x264 [-0.11956787109375, 0.102294921875, -0.2110595703125, 0.162841796875, -0.041778564453125, -0.0999755859375] 3 NA NA
training_59 [-0.060577392578125, 0.10931396484375, -0.0244598388671875, -0.033966064453125, -0.0084228515625, -0.0504150390625] 1 NA NA
e6d436cd-be3c-4ba6-892b-86a695eeb591 [-0.1163330078125, 0.0738525390625, -0.1634521484375, 0.09002685546875, 0.053680419921875, -0.10504150390625] 3 NA NA
Burglary022_x264 [-0.042022705078125, 0.054046630859375, -0.10748291015625, 0.048065185546875, 0.00296783447265625, -0.044525146484375] 0 NA NA
Robbery079_x264 [-0.186767578125, 0.1038818359375, -0.260009765625, 0.251708984375, -0.04779052734375, -0.1470947265625] 3 NA NA
Shoplifting028_x264 [-0.2025146484375, 0.11065673828125, -0.2252197265625, 0.188720703125, -0.0064239501953125, -0.1268310546875] 3 NA NA
Shoplifting017_x264 [-0.2470703125, 0.12890625, -0.52880859375, 0.490234375, -0.12298583984375, -0.197021484375] 3 NA NA
training_19 [-0.07501220703125, 0.0943603515625, -0.06390380859375, -0.0213165283203125, -0.01125335693359375, -0.0037441253662109375] 1 NA NA
training_98 [-0.3349609375, 0.159912109375, -0.322998046875, -0.1424560546875, 0.2548828125, 0.09442138671875] 4 NA NA
testing_14 [-0.306884765625, 0.2052001953125, -0.27880859375, -0.06915283203125, 0.07440185546875, 0.07574462890625] 5 NA NA
4191422d-81c6-456e-9a01-fa5d7b796de8_combined [-0.1268310546875, 0.09368896484375, -0.2325439453125, 0.1329345703125, 0.052825927734375, -0.134521484375] 3 NA NA
testing_16 [-0.11883544921875, 0.052581787109375, -0.09619140625, -0.056640625, 0.0386962890625, 0.09185791015625] 5 NA NA
training_45 [-0.0482177734375, 0.0252532958984375, -0.046630859375, 0.0205535888671875, 0.0228424072265625, -0.03326416015625] 1 NA NA
testing_10 [-0.06781005859375, 0.09698486328125, -0.031402587890625, -0.0151214599609375, -0.0113677978515625, -0.04315185546875] 1 NA NA
testing_34 [-0.06707763671875, 0.1666259765625, -0.0814208984375, -0.056365966796875, -0.03314208984375, -0.038055419921875] 1 NA NA
training_9 [-0.06854248046875, 0.10205078125, -0.029144287109375, -0.01580810546875, -0.0173492431640625, -0.043212890625] 1 NA NA
2c3f1c1f-3e8f-4e5b-b388-21b7acb3b914_combined [-0.0989990234375, 0.0043182373046875, -0.160400390625, 0.06719970703125, 0.08026123046875, -0.0328369140625] 4 NA NA
training_5 [-0.140869140625, 0.1080322265625, -0.1785888671875, 0.01275634765625, 0.044036865234375, -0.021209716796875] 1 NA NA
Assault006_x264 [-0.1820068359375, 0.1376953125, -0.296142578125, 0.173583984375, -0.07843017578125, -0.048309326171875] 1 NA NA
training_34 [-0.3251953125, 0.2015380859375, -0.382080078125, -0.033905029296875, 0.196533203125, -0.00978851318359375] 4 NA NA
training_60 [-0.191162109375, 0.08917236328125, -0.1239013671875, -0.04071044921875, 0.036590576171875, 0.07318115234375] 5 NA NA
training_14 [-0.279541015625, 0.12261962890625, -0.26318359375, -0.08575439453125, 0.1759033203125, 0.08489990234375] 5 NA NA
Robbery118_x264 [-0.208251953125, 0.1263427734375, -0.40087890625, 0.322265625, -0.06719970703125, -0.1414794921875] 3 NA NA
training_96 [-0.16845703125, 0.1513671875, -0.1441650390625, -0.0164794921875, -0.00909423828125, 0.01374053955078125] 1 NA NA
training_7 [-0.10955810546875, 0.061492919921875, -0.133544921875, 0.00366973876953125, 0.0771484375, -0.023834228515625] 4 NA NA
f84dba8e-ce0f-4b77-8e97-c94aab3b4cc6_combined [-0.12939453125, 0.079833984375, -0.233154296875, 0.16552734375, 0.03009033203125, -0.1318359375] 4 NA NA
training_72 [-0.1416015625, 0.0303955078125, 0.1710205078125, -0.06756591796875, 0.007343292236328125, -0.0161895751953125] 2 NA NA
Robbery139_x264 [-0.08612060546875, 0.0347900390625, -0.11248779296875, 0.125244140625, -0.0182952880859375, -0.07275390625] 3 NA NA
Assault050_x264 [-0.1866455078125, 0.11749267578125, -0.27490234375, 0.255126953125, -0.08367919921875, -0.11749267578125] 1 NA NA
training_27 [-0.14208984375, 0.0330810546875, 0.19091796875, -0.045501708984375, -0.004604339599609375, -0.05010986328125] 2 NA NA
Assault052_x264 [-0.1845703125, 0.159912109375, -0.2320556640625, 0.10223388671875, 0.00167083740234375, -0.096435546875] 1 NA NA
training_55 [-0.08685302734375, 0.144287109375, -0.1142578125, 0.00733184814453125, -0.0190277099609375, -0.06597900390625] 1 NA NA
training_190 [-0.1619873046875, 0.09417724609375, -0.1593017578125, -0.0411376953125, 0.0963134765625, 0.01629638671875] 4 NA NA
training_33 [-0.0836181640625, 0.11492919921875, -0.058685302734375, -0.0009984970092773438, 0.0028629302978515625, -0.0709228515625] 1 NA NA
training_24 [-0.269287109375, 0.1629638671875, -0.2064208984375, -0.1318359375, 0.126708984375, 0.10321044921875] 4 NA NA
training_17 [-0.1453857421875, 0.1380615234375, -0.18212890625, 0.039306640625, -0.005229949951171875, -0.03204345703125] 1 NA NA
Robbery045_x264 [-0.2164306640625, 0.1297607421875, -0.41796875, 0.3544921875, -0.12127685546875, -0.11358642578125] 3 NA NA
training_47 [-0.07672119140625, 0.122802734375, -0.04339599609375, 0.006946563720703125, -0.0143585205078125, -0.0869140625] 1 NA NA
testing_16 [-0.0775146484375, 0.10296630859375, -0.044586181640625, -0.0251617431640625, -0.00490570068359375, -0.02960205078125] 1 NA NA
Robbery018_x264 [-0.2237548828125, 0.0777587890625, -0.35888671875, 0.417724609375, -0.11309814453125, -0.177978515625] 3 NA NA
Robbery028_x264 [-0.124755859375, 0.07452392578125, -0.280029296875, 0.258544921875, -0.0589599609375, -0.1268310546875] 3 NA NA
testing_1 [-0.137451171875, 0.0416259765625, 0.1810302734375, -0.039947509765625, -0.01226043701171875, -0.055267333984375] 2 NA NA
Abuse026_x264 [-0.202392578125, 0.130859375, -0.22607421875, 0.09375, 0.0220947265625, -0.06390380859375] 1 NA NA
training_82 [-0.1343994140625, 0.1484375, -0.1800537109375, -0.048065185546875, 0.050872802734375, -0.0027923583984375] 1 NA NA
training_72 [-0.1968994140625, 0.162353515625, -0.24169921875, 0.018707275390625, 0.055755615234375, -0.0289154052734375] 1 NA NA
testing_11 [-0.16552734375, 0.02471923828125, 0.23095703125, -0.04901123046875, -0.01146697998046875, -0.050201416015625] 2 NA NA
Fighting045_x264 [-0.1776123046875, 0.11322021484375, -0.2587890625, 0.1727294921875, 0.009246826171875, -0.12066650390625] 1 NA NA
training_47 [-0.1280517578125, 0.0181884765625, 0.20703125, -0.0218353271484375, -0.019256591796875, -0.065185546875] 2 NA NA
training_64 [-0.162841796875, 0.185302734375, -0.133544921875, -0.01088714599609375, 0.0087890625, -0.068359375] 1 NA NA
training_63 [-0.11383056640625, 0.0797119140625, -0.0936279296875, -0.026519775390625, 0.041259765625, 0.0081939697265625] 1 NA NA
Stealing036_x264 [-0.1265869140625, 0.07562255859375, -0.179931640625, 0.1693115234375, -0.018524169921875, -0.11614990234375] 3 NA NA
78c2f2ca-bb06-4878-9e7c-d3e84d0add6d_combined [-0.1875, 0.06365966796875, -0.295166015625, 0.1650390625, 0.0830078125, -0.1005859375] 4 NA NA
Burglary057_x264 [-0.07177734375, 0.0706787109375, -0.1778564453125, 0.15234375, -0.048980712890625, -0.08343505859375] 0 NA NA
a582bff9-d191-4184-a32d-0cfe28f13938_combined [-0.10821533203125, 0.055877685546875, -0.1715087890625, 0.1328125, 0.005397796630859375, -0.08599853515625] 4 NA NA
training_143 [-0.29296875, 0.2054443359375, -0.30322265625, -0.0283355712890625, 0.1346435546875, -0.034881591796875] 4 NA NA
Burglary088_x264 [-0.1412353515625, 0.1324462890625, -0.2393798828125, 0.144287109375, -0.004940032958984375, -0.12457275390625] 0 NA NA
Stealing107_x264 [-0.151611328125, 0.125732421875, -0.267822265625, 0.2374267578125, -0.06292724609375, -0.1507568359375] 3 NA NA
training_50 [-0.087890625, 0.12030029296875, -0.07171630859375, -0.01568603515625, 0.00539398193359375, -0.04669189453125] 1 NA NA
training_83 [-0.11883544921875, 0.0799560546875, -0.103515625, -0.01995849609375, 0.0438232421875, 0.00559234619140625] 1 NA NA
testing_7 [-0.06488037109375, 0.09716796875, -0.0230865478515625, -0.0179595947265625, -0.0161895751953125, -0.042022705078125] 1 NA NA
training_83 [-0.21923828125, 0.1678466796875, -0.2010498046875, 0.01163482666015625, 0.0255126953125, -0.025146484375] 5 NA NA
Stealing106_x264 [-0.1597900390625, 0.12091064453125, -0.319580078125, 0.228515625, 0.0138092041015625, -0.1741943359375] 3 NA NA
training_149 [-0.205322265625, 0.10040283203125, -0.244140625, 0.01514434814453125, 0.1719970703125, -0.07354736328125] 4 NA NA
training_15 [-0.1640625, 0.034637451171875, 0.2086181640625, -0.041778564453125, -0.0184783935546875, -0.04705810546875] 2 NA NA
Burglary046_x264 [-0.10302734375, 0.0997314453125, -0.164794921875, 0.1387939453125, -0.052398681640625, -0.0936279296875] 0 NA NA
training_68 [-0.183349609375, 0.10687255859375, -0.1448974609375, -0.11859130859375, 0.08221435546875, 0.11083984375] 1 NA NA
training_4 [-0.1298828125, 0.06396484375, -0.1278076171875, -0.0184783935546875, 0.072021484375, 0.00775909423828125] 4 NA NA
training_24 [-0.0845947265625, 0.157958984375, -0.136474609375, 0.037353515625, -0.057952880859375, -0.06622314453125] 1 NA NA
training_171 [-0.266357421875, 0.09881591796875, -0.262939453125, -0.05072021484375, 0.242919921875, -0.01251220703125] 4 NA NA
training_42 [-0.07769775390625, 0.07275390625, -0.11517333984375, 0.062103271484375, -0.03143310546875, -0.02655029296875] 1 NA NA
Robbery046_x264 [-0.1104736328125, 0.005840301513671875, -0.09735107421875, -0.007373809814453125, 0.0767822265625, 0.043212890625] 3 NA NA
training_17 [-0.1533203125, 0.1634521484375, -0.124267578125, -0.045074462890625, 0.0372314453125, -0.0330810546875] 1 NA NA
training_91 [-0.09783935546875, 0.04986572265625, -0.078369140625, -0.019195556640625, 0.037139892578125, 0.02001953125] 4 NA NA
training_107 [-0.12005615234375, 0.056640625, -0.1285400390625, 0.02587890625, 0.05438232421875, -0.022705078125] 4 NA NA
training_75 [-0.11163330078125, 0.065185546875, -0.109619140625, -0.0137786865234375, 0.0408935546875, 0.0159149169921875] 5 NA NA
testing_25 [-0.14990234375, 0.07769775390625, -0.040740966796875, -0.09649658203125, 0.035980224609375, 0.08172607421875] 1 NA NA
training_69 [-0.17529296875, 0.1519775390625, -0.1881103515625, 0.040374755859375, -0.0089111328125, -0.03582763671875] 1 NA NA
Stealing086_x264 [-0.145263671875, 0.083740234375, -0.283203125, 0.1849365234375, 0.062408447265625, -0.151611328125] 3 NA NA
training_99 [-0.1478271484375, 0.0869140625, -0.1396484375, 0.0013647079467773438, 0.05694580078125, -0.004627227783203125] 4 NA NA
training_103 [-0.2066650390625, 0.11669921875, -0.199462890625, -0.04595947265625, 0.025970458984375, 0.1190185546875] 5 NA NA
Robbery047_x264 [-0.0968017578125, 0.03521728515625, -0.1763916015625, 0.1929931640625, -0.028839111328125, -0.1038818359375] 3 NA NA
Assault009_x264 [-0.159423828125, 0.1024169921875, -0.266845703125, 0.170166015625, -0.03692626953125, -0.0684814453125] 1 NA NA
b030aef1-ae5b-4706-85bb-f98e5ea3442f_combined [-0.2117919921875, 0.133544921875, -0.260009765625, 0.1087646484375, 0.087646484375, -0.134033203125] 4 NA NA
Stealing070_x264 [-0.146484375, 0.110595703125, -0.2447509765625, 0.1396484375, 0.05853271484375, -0.1502685546875] 3 NA NA
Fighting022_x264 [-0.05230712890625, 0.056121826171875, -0.04339599609375, 0.0288543701171875, -0.0220947265625, -0.03131103515625] 1 NA NA
Robbery062_x264 [-0.1658935546875, 0.09002685546875, -0.320556640625, 0.2734375, -0.06988525390625, -0.110595703125] 3 NA NA
training_74 [-0.095947265625, 0.164794921875, -0.09228515625, -0.0399169921875, -0.0175628662109375, -0.044830322265625] 1 NA NA
training_79 [-0.044830322265625, 0.1068115234375, -0.0565185546875, 0.0096588134765625, -0.034698486328125, -0.06396484375] 1 NA NA
Assault030_x264 [-0.1513671875, 0.1295166015625, -0.2498779296875, 0.158935546875, -0.0175628662109375, -0.11724853515625] 1 NA NA
testing_3 [-0.06939697265625, 0.096923828125, -0.0277099609375, -0.0163116455078125, -0.0130615234375, -0.0396728515625] 1 NA NA
testing_32 [-0.1026611328125, 0.1072998046875, -0.05328369140625, -0.00519561767578125, 0.00353240966796875, -0.0469970703125] 1 NA NA
training_56 [-0.07733154296875, 0.104736328125, -0.043548583984375, -0.0206451416015625, -0.00952911376953125, -0.0333251953125] 1 NA NA
testing_5 [-0.058837890625, 0.08660888671875, -0.0330810546875, -0.005146026611328125, -0.0126190185546875, -0.0447998046875] 1 NA NA
training_147 [-0.228759765625, 0.10296630859375, -0.14892578125, -0.04449462890625, 0.173095703125, -0.057830810546875] 4 NA NA
training_90 [-0.1087646484375, 0.1817626953125, -0.115234375, -0.04449462890625, -0.014373779296875, -0.048675537109375] 1 NA NA
training_37 [-0.08447265625, 0.10003662109375, -0.09295654296875, 0.01018524169921875, -0.0170135498046875, -0.0263824462890625] 1 NA NA
training_76 [-0.1055908203125, 0.1470947265625, -0.09442138671875, -0.0251312255859375, -0.0016202926635742188, -0.0474853515625] 1 NA NA
training_74 [-0.11602783203125, 0.09149169921875, -0.10906982421875, 0.0022830963134765625, 0.00669097900390625, 0.005466461181640625] 1 NA NA
training_24 [-0.07733154296875, 0.10186767578125, -0.03302001953125, -0.032012939453125, -0.006946563720703125, -0.0258941650390625] 1 NA NA
training_151 [-0.1636962890625, 0.056915283203125, -0.1822509765625, -0.053253173828125, 0.19921875, -0.0207977294921875] 4 NA NA
training_63 [-0.1507568359375, 0.2269287109375, -0.1995849609375, -0.040679931640625, -0.0196380615234375, -0.02667236328125] 1 NA NA
training_10 [-0.184326171875, 0.103271484375, -0.19140625, -0.02044677734375, 0.05255126953125, 0.06939697265625] 5 NA NA
training_66 [-0.154052734375, 0.03900146484375, -0.12646484375, -0.031097412109375, 0.1334228515625, 0.00739288330078125] 4 NA NA
training_2 [-0.1781005859375, 0.132568359375, -0.142578125, -0.038116455078125, 0.00142669677734375, 0.078369140625] 5 NA NA
Shoplifting048_x264 [-0.128662109375, 0.048370361328125, -0.147216796875, 0.175048828125, -0.051666259765625, -0.07562255859375] 3 NA NA
training_82 [-0.251708984375, 0.2276611328125, -0.2626953125, -0.0176544189453125, 0.01678466796875, 0.01143646240234375] 1 NA NA
video_15 [-0.08892822265625, 0.034149169921875, -0.11004638671875, 0.0338134765625, -0.059051513671875, 0.08746337890625] 5 NA NA
video_18 [-0.09991455078125, 0.041778564453125, -0.156982421875, 0.048187255859375, -0.018798828125, 0.058013916015625] 5 NA NA
video_44 [-0.12841796875, 0.0297393798828125, -0.21826171875, 0.011932373046875, -0.0267181396484375, 0.172607421875] 5 NA NA
video_10 [-0.136962890625, 0.046905517578125, -0.12213134765625, -0.03607177734375, -0.007480621337890625, 0.1380615234375] 5 NA NA
video_9 [-0.106201171875, 0.05029296875, -0.1024169921875, 0.00801849365234375, -0.0267486572265625, 0.0693359375] 5 NA NA
video_42 [-0.123291015625, 0.0309295654296875, -0.1522216796875, 0.0071563720703125, 0.02789306640625, 0.0823974609375] 5 NA NA
video_48 [-0.1910400390625, 0.040618896484375, -0.298095703125, 0.0129241943359375, 0.0002262592315673828, 0.216796875] 5 NA NA
video_56 [-0.10955810546875, 0.049468994140625, -0.1553955078125, 0.003170013427734375, -0.012542724609375, 0.0980224609375] 5 NA NA
video_41 [-0.12139892578125, 0.042755126953125, -0.1767578125, 0.0027313232421875, 0.0005426406860351562, 0.11224365234375] 5 NA NA
training_56 [-0.073974609375, 0.07379150390625, -0.054656982421875, -0.03863525390625, 0.04412841796875, -0.0216827392578125] -1 NA NA
training_10 [-0.047821044921875, 0.03668212890625, -0.03009033203125, -0.0153350830078125, 0.03759765625, -0.0213775634765625] -1 NA NA
testing_11 [-0.0283203125, 0.03277587890625, 0.0033168792724609375, -0.01403045654296875, 0.017425537109375, -0.034637451171875] -1 NA NA
training_64 [-0.030426025390625, 0.0158538818359375, -0.0240936279296875, 0.00946044921875, 0.0194854736328125, -0.01654052734375] -1 NA NA
training_54 [-0.0308837890625, 0.0235595703125, -0.00556182861328125, -0.0006470680236816406, 0.017425537109375, -0.0267333984375] -1 NA NA
testing_13 [-0.037841796875, 0.0212249755859375, -0.01849365234375, -0.00934600830078125, 0.0299224853515625, -0.0137786865234375] -1 NA NA
testing_22 [-0.086669921875, 0.11260986328125, -0.055511474609375, -0.0218963623046875, -0.003482818603515625, -0.042266845703125] -1 NA NA
training_41 [-0.0286712646484375, 0.02435302734375, -0.0140228271484375, -0.000400543212890625, 0.0210113525390625, -0.027801513671875] -1 NA NA
training_9 [-0.033416748046875, 0.0269317626953125, -0.0309295654296875, -0.0018310546875, 0.02581787109375, -0.0208740234375] -1 NA NA
testing_19 [-0.038726806640625, 0.029541015625, -0.03619384765625, -0.02215576171875, 0.035980224609375, 0.000789642333984375] -1 NA NA
testing_24 [-0.035430908203125, 0.0298004150390625, -0.03564453125, -0.0118255615234375, 0.025177001953125, -0.007343292236328125] -1 NA NA
training_57 [-0.05548095703125, 0.0399169921875, -0.0307159423828125, -0.018707275390625, 0.049896240234375, -0.030670166015625] -1 NA NA
training_49 [-0.039306640625, 0.04571533203125, -0.055511474609375, 0.01508331298828125, 0.007373809814453125, -0.034515380859375] -1 NA NA
training_11 [-0.027862548828125, 0.0238189697265625, -0.00885772705078125, -0.0015878677368164062, 0.0191650390625, -0.02581787109375] -1 NA NA
training_12 [-0.04644775390625, 0.044189453125, -0.06427001953125, -0.0245819091796875, 0.03448486328125, 0.00925445556640625] -1 NA NA
training_42 [-0.0279998779296875, -0.0036449432373046875, -0.01087188720703125, -0.00899505615234375, 0.0025787353515625, 0.04010009765625] -1 NA NA
training_60 [-0.03851318359375, 0.0038204193115234375, -0.033660888671875, -0.006381988525390625, 0.0049285888671875, 0.046356201171875] -1 NA NA
training_68 [-0.036285400390625, -0.01091766357421875, -0.06298828125, 0.017242431640625, 0.04669189453125, 0.014068603515625] -1 NA NA
training_69 [-0.0099334716796875, -0.0007739067077636719, -0.0002028942108154297, -0.0207672119140625, -0.001552581787109375, 0.035797119140625] -1 NA NA
training_29 [-0.0435791015625, -0.0021266937255859375, -0.06414794921875, -0.00811767578125, 0.026824951171875, 0.057891845703125] -1 NA NA
testing_13 [-0.0709228515625, 0.007251739501953125, -0.114990234375, -0.007843017578125, 0.05096435546875, 0.06573486328125] -1 NA NA
training_75 [-0.027801513671875, -0.00638580322265625, -0.031646728515625, 0.006473541259765625, 0.01206207275390625, 0.0291290283203125] -1 NA NA
training_57 [0.0035953521728515625, -0.018646240234375, 0.01016998291015625, 0.00811004638671875, -0.01800537109375, 0.0323486328125] -1 NA NA
training_63 [-0.01385498046875, -0.01027679443359375, -0.03375244140625, -0.00614166259765625, 0.007404327392578125, 0.045684814453125] -1 NA NA
training_28 [-0.0223388671875, -0.00995635986328125, -0.0550537109375, 0.007282257080078125, 0.01540374755859375, 0.042327880859375] -1 NA NA
training_9 [-0.04150390625, 0.0157470703125, -0.01189422607421875, -0.03369140625, 0.01039886474609375, 0.040252685546875] -1 NA NA
training_20 [-0.0266571044921875, 0.00615692138671875, -0.0265655517578125, -0.00768280029296875, 0.0007295608520507812, 0.0377197265625] -1 NA NA
testing_8 [-0.013397216796875, -0.006023406982421875, -0.0279388427734375, 0.01155853271484375, 0.0035305023193359375, 0.0198211669921875] -1 NA NA
training_32 [-0.038055419921875, 0.00016939640045166016, -0.06298828125, 0.0186767578125, 0.02044677734375, 0.02325439453125] -1 NA NA
testing_20 [-0.054412841796875, 0.01873779296875, -0.03533935546875, -0.0095062255859375, -0.01227569580078125, 0.062042236328125] -1 NA NA
training_65 [-0.043853759765625, 0.049041748046875, -0.051788330078125, 0.004062652587890625, 0.002826690673828125, -0.0193023681640625] -1 NA NA
testing_4 [-0.00859832763671875, 0.00482940673828125, -0.0167083740234375, -0.01464080810546875, 0.0223541259765625, 0.0032444000244140625] -1 NA NA
training_61 [-0.09893798828125, 0.043975830078125, -0.10601806640625, 0.045440673828125, 0.0132904052734375, -0.01468658447265625] -1 NA NA
training_37 [-0.049224853515625, 0.024658203125, -0.051910400390625, 0.004764556884765625, 0.0234832763671875, -0.00910186767578125] -1 NA NA
testing_26 [-0.116943359375, 0.032806396484375, -0.12103271484375, 0.00098419189453125, 0.0723876953125, 0.01367950439453125] -1 NA NA
training_5 [-0.060394287109375, 0.0582275390625, -0.0367431640625, -0.0191650390625, 0.01250457763671875, -0.01470184326171875] -1 NA NA
training_9 [-0.05877685546875, 0.052642822265625, -0.04705810546875, 0.000896453857421875, -0.003387451171875, -0.0027484893798828125] -1 NA NA
training_20 [-0.05938720703125, 0.031494140625, -0.08013916015625, 0.007015228271484375, 0.043060302734375, -0.0196533203125] -1 NA NA
testing_17 [-0.06536865234375, 0.0269317626953125, -0.11712646484375, -0.01459503173828125, 0.07012939453125, 0.0226898193359375] -1 NA NA
training_18 [-0.095458984375, 0.05535888671875, -0.12225341796875, -0.0107574462890625, 0.05908203125, -0.00743865966796875] -1 NA NA
training_50 [-0.0638427734375, 0.0462646484375, -0.1185302734375, 0.03314208984375, 0.0257415771484375, -0.02056884765625] -1 NA NA
training_55 [-0.08538818359375, 0.0439453125, -0.09912109375, 0.024932861328125, 0.0300445556640625, -0.0193023681640625] -1 NA NA
training_25 [-0.0716552734375, 0.035125732421875, -0.08343505859375, -0.0025653839111328125, 0.053619384765625, -0.0084381103515625] -1 NA NA
testing_12 [-0.0731201171875, 0.05279541015625, -0.089111328125, -0.048370361328125, 0.058868408203125, 0.0275421142578125] -1 NA NA
training_69 [-0.151123046875, 0.06182861328125, -0.1651611328125, 0.020965576171875, 0.06689453125, -0.00150299072265625] -1 NA NA
training_13 [-0.0219268798828125, -0.027801513671875, 0.00438690185546875, -0.0011701583862304688, 0.041839599609375, 0.0004992485046386719] -1 NA NA
training_30 [-0.0160980224609375, 0.00461578369140625, -0.0110626220703125, 0.020599365234375, -0.005535125732421875, -0.014617919921875] -1 NA NA
testing_4 [-0.0164642333984375, -0.01042938232421875, 0.0027980804443359375, -0.0013704299926757812, 0.0180816650390625, 0.002147674560546875] -1 NA NA
training_33 [0.004772186279296875, -0.038360595703125, 0.03582763671875, -0.0191497802734375, 0.0142974853515625, 0.0186614990234375] -1 NA NA
training_47 [0.000850677490234375, -0.0232696533203125, 0.0178985595703125, -0.017303466796875, 0.01531219482421875, 0.0201873779296875] -1 NA NA
training_74 [-0.04534912109375, 0.0145721435546875, -0.009246826171875, -0.00177001953125, 0.0184173583984375, -0.0111083984375] -1 NA NA
testing_25 [-0.06292724609375, 0.05804443359375, -0.0596923828125, -0.0010824203491210938, 0.02752685546875, -0.034942626953125] -1 NA NA
testing_18 [-0.0184478759765625, -0.0007023811340332031, -0.0121612548828125, 0.00888824462890625, 0.01031494140625, -0.0081329345703125] -1 NA NA
training_40 [-0.034912109375, 0.01122283935546875, -0.0196685791015625, -0.03680419921875, 0.0433349609375, 0.011749267578125] -1 NA NA
training_65 [-0.00531768798828125, 0.0050811767578125, 0.0257110595703125, -0.0080413818359375, 0.003345489501953125, -0.0176544189453125] -1 NA NA
training_64 [-0.01235198974609375, 0.005046844482421875, 0.011383056640625, -0.00870513916015625, 0.0181884765625, -0.0178680419921875] -1 NA NA
training_9 [-0.026214599609375, 0.01099395751953125, -0.0350341796875, -0.0052490234375, 0.01190948486328125, 0.006237030029296875] -1 NA NA
training_42 [-0.044525146484375, 0.0273284912109375, -0.060333251953125, 0.00980377197265625, 0.04681396484375, -0.040130615234375] -1 NA NA
training_62 [-0.00469207763671875, -0.0230560302734375, 0.01168060302734375, 0.007518768310546875, 0.0120849609375, -0.005157470703125] -1 NA NA
training_52 [-0.034423828125, 0.031402587890625, -0.018646240234375, -6.788969039916992e-05, 0.024749755859375, -0.03668212890625] -1 NA NA
training_74 [-0.138916015625, 0.1107177734375, -0.09136962890625, -0.008148193359375, 0.0284881591796875, -0.033050537109375] -1 NA NA
testing_2 [-0.06085205078125, 0.032012939453125, -0.0255584716796875, -0.027099609375, 0.0318603515625, 0.00583648681640625] -1 NA NA
training_22 [-0.042449951171875, 0.034576416015625, -0.036407470703125, -0.031585693359375, 0.034210205078125, 0.0025997161865234375] -1 NA NA
training_86 [-0.0372314453125, 0.02496337890625, 0.034149169921875, -0.061004638671875, 0.03204345703125, 0.00696563720703125] -1 NA NA
training_45 [-0.07257080078125, 0.046966552734375, -0.04180908203125, -0.02001953125, 0.027008056640625, -0.0031185150146484375] -1 NA NA
training_48 [-0.12005615234375, 0.0889892578125, -0.045013427734375, -0.106689453125, 0.056365966796875, 0.054229736328125] -1 NA NA
training_10 [-0.02252197265625, 0.0237274169921875, 0.0126190185546875, -0.024658203125, 0.0222930908203125, -0.01507568359375] -1 NA NA
training_25 [-0.042022705078125, 0.0295867919921875, -0.0750732421875, 0.044525146484375, 0.00411224365234375, -0.034881591796875] -1 NA NA
training_6 [-0.03094482421875, 0.0287017822265625, 0.0277862548828125, -0.03973388671875, 0.0250701904296875, -0.0194091796875] -1 NA NA
training_19 [-0.093017578125, 0.0667724609375, -0.06939697265625, -0.06158447265625, 0.0533447265625, 0.0250701904296875] -1 NA NA
training_12 [-0.068115234375, 0.05511474609375, 0.04522705078125, -0.07470703125, 0.043487548828125, -0.006893157958984375] -1 NA NA
training_40 [-0.07379150390625, 0.0265655517578125, -0.00666046142578125, -0.058380126953125, 0.062408447265625, 0.0218353271484375] -1 NA NA
testing_25 [-0.063720703125, 0.055633544921875, -0.035247802734375, -0.034759521484375, 0.01458740234375, 0.01117706298828125] -1 NA NA
training_54 [-0.029510498046875, 0.0325927734375, 0.009368896484375, -0.035400390625, 0.01416015625, -0.0026035308837890625] -1 NA NA
training_13 [-0.0673828125, 0.041168212890625, 0.05926513671875, -0.09295654296875, 0.052398681640625, 0.0190582275390625] -1 NA NA
testing_5 [-0.291259765625, 0.1375732421875, -0.2783203125, -0.07867431640625, 0.214111328125, 0.0228729248046875] 4 NA NA
training_35 [-0.1539306640625, 0.1680908203125, -0.169921875, -0.053955078125, 0.025787353515625, 0.01100921630859375] 1 NA NA
training_64 [-0.05059814453125, 0.029296875, -0.041473388671875, 0.023223876953125, 0.023712158203125, -0.042816162109375] 4 NA NA
training_5 [-0.06817626953125, 0.0946044921875, -0.02764892578125, -0.0170745849609375, -0.0144195556640625, -0.0361328125] 1 NA NA
video_39 [-0.1658935546875, 0.0469970703125, -0.273193359375, 0.00928497314453125, -0.0166473388671875, 0.196533203125] 5 NA NA
training_77 [-0.1396484375, 0.1239013671875, -0.14111328125, 0.0093841552734375, 0.0204010009765625, -0.03155517578125] 1 NA NA
training_4 [-0.07550048828125, 0.09375, -0.07470703125, -0.0206451416015625, -0.007686614990234375, -0.0009937286376953125] 1 NA NA
training_67 [-0.2125244140625, 0.1771240234375, -0.2042236328125, 0.00405120849609375, -0.0004482269287109375, 0.008148193359375] 1 NA NA
Burglary070_x264 [-0.2337646484375, 0.1112060546875, -0.483642578125, 0.38134765625, -0.0390625, -0.1600341796875] 0 NA NA
video_38 [-0.12091064453125, 0.0261688232421875, -0.156005859375, 0.0088348388671875, 0.01181793212890625, 0.10455322265625] 5 NA NA
training_73 [-0.254638671875, 0.200439453125, -0.350830078125, -0.009857177734375, 0.09210205078125, 0.015960693359375] 1 NA NA
e4be41c8-2723-4c53-b392-fac1bc393d59_combined [-0.11346435546875, 0.0472412109375, -0.148193359375, 0.06353759765625, 0.106201171875, -0.09820556640625] 4 NA NA
e8c61a8a-9f16-4646-af05-25aaa8010d6f_combined [-0.176513671875, 0.1444091796875, -0.2607421875, 0.1739501953125, 0.0301055908203125, -0.18408203125] 4 NA NA
video_3 [-0.1031494140625, 0.043365478515625, -0.11981201171875, 0.0170440673828125, -0.03643798828125, 0.0892333984375] 5 NA NA
42c2228f-e3c5-43e4-823b-5dfab62212d6_combined [-0.14990234375, 0.07391357421875, -0.19482421875, 0.1048583984375, 0.04986572265625, -0.08319091796875] 3 NA NA
Stealing055_x264 [-0.1510009765625, 0.06878662109375, -0.269287109375, 0.25634765625, -0.0772705078125, -0.09259033203125] 3 NA NA
41e4be35-2d1d-4c9d-b528-69e65dfac026_combined [-0.07244873046875, 0.04376220703125, -0.1114501953125, 0.05572509765625, 0.042938232421875, -0.06341552734375] 4 NA NA
testing_15 [-0.152099609375, 0.017974853515625, 0.25634765625, -0.0416259765625, -0.018646240234375, -0.0611572265625] 2 NA NA
training_66 [-0.17236328125, 0.05413818359375, 0.004032135009765625, -0.09814453125, 0.07672119140625, 0.051666259765625] 5 NA NA
Fighting023_x264 [-0.1815185546875, 0.1080322265625, -0.2435302734375, 0.1295166015625, 0.0074310302734375, -0.065185546875] 1 NA NA
training_105 [-0.1810302734375, 0.090576171875, -0.2381591796875, 0.05975341796875, 0.07666015625, -0.033477783203125] 4 NA NA
training_36 [-0.0257568359375, 0.0149688720703125, -0.005954742431640625, -0.0019063949584960938, 0.0250091552734375, -0.026031494140625] -1 NA NA
training_24 [-0.05181884765625, 0.04736328125, -0.0230865478515625, -0.025115966796875, 0.0284881591796875, -0.0209197998046875] -1 NA NA
training_16 [-0.037078857421875, 0.0215606689453125, -0.0155181884765625, -0.003452301025390625, 0.027099609375, -0.019744873046875] -1 NA NA
testing_2 [-0.068115234375, 0.0706787109375, -0.057708740234375, -0.0011501312255859375, 0.0183258056640625, -0.040679931640625] -1 NA NA
training_22 [-0.0308837890625, 0.0269775390625, -0.0245361328125, 0.023345947265625, 0.016510009765625, -0.04876708984375] -1 NA NA
training_8 [-0.03900146484375, 0.022003173828125, -0.014404296875, -0.0215301513671875, 0.03741455078125, -0.0082855224609375] -1 NA NA
training_68 [-0.1678466796875, 0.09857177734375, -0.1923828125, 0.08343505859375, 0.046173095703125, -0.0787353515625] -1 NA NA
testing_21 [-0.0251617431640625, 0.0155181884765625, 0.00226593017578125, 0.005649566650390625, 0.017608642578125, -0.034759521484375] -1 NA NA
training_43 [-0.0771484375, 0.053466796875, -0.060699462890625, -0.005390167236328125, 0.0169830322265625, -0.004299163818359375] -1 NA NA
training_38 [-0.03314208984375, 0.0186004638671875, -0.020172119140625, 0.00047707557678222656, 0.0189056396484375, -0.01416778564453125] -1 NA NA
training_4 [-0.0294952392578125, 0.023773193359375, -0.021484375, -0.0269927978515625, 0.040863037109375, -0.006999969482421875] -1 NA NA
testing_14 [-0.0257720947265625, 0.016998291015625, -0.0097808837890625, -0.0027027130126953125, 0.0181121826171875, -0.019561767578125] -1 NA NA
testing_7 [-0.0726318359375, 0.048675537109375, -0.0830078125, 0.027191162109375, 0.016326904296875, -0.021209716796875] -1 NA NA
training_25 [-0.045806884765625, 0.03973388671875, -0.004375457763671875, -0.0204925537109375, 0.031982421875, -0.0374755859375] -1 NA NA
training_13 [-0.01544189453125, 0.00943756103515625, -0.00243377685546875, -0.0013370513916015625, 0.0250396728515625, -0.0256500244140625] -1 NA NA
training_17 [-0.0384521484375, 0.01293182373046875, -0.030059814453125, -0.0031719207763671875, 0.007732391357421875, 0.0222320556640625] -1 NA NA
training_33 [-0.042510986328125, 0.003093719482421875, -0.058502197265625, 0.006603240966796875, 0.0191497802734375, 0.034271240234375] -1 NA NA
training_59 [-0.17919921875, 0.09161376953125, -0.1671142578125, -0.07220458984375, 0.1275634765625, 0.038604736328125] -1 NA NA
training_43 [-0.026580810546875, -0.01218414306640625, -0.0316162109375, -0.0035400390625, 0.00626373291015625, 0.054351806640625] -1 NA NA
testing_3 [-0.038055419921875, 0.01371002197265625, -0.006465911865234375, -0.0321044921875, 0.0086669921875, 0.03729248046875] -1 NA NA
training_41 [-0.03857421875, 0.011199951171875, -0.066162109375, 0.029815673828125, -0.0247039794921875, 0.04461669921875] -1 NA NA
testing_17 [-0.0309600830078125, -0.01175689697265625, -0.028839111328125, 0.0033626556396484375, 0.0210418701171875, 0.0305938720703125] -1 NA NA
testing_10 [-0.0261383056640625, -0.01331329345703125, -0.052459716796875, 0.01285552978515625, 0.014862060546875, 0.035980224609375] -1 NA NA
testing_6 [-0.01152801513671875, -0.0015096664428710938, -0.0049285888671875, 0.01142120361328125, -0.01435089111328125, 0.0225067138671875] -1 NA NA
training_51 [-0.040924072265625, -0.0110626220703125, -0.0218048095703125, -0.0116119384765625, 0.0311737060546875, 0.03839111328125] -1 NA NA
training_46 [-0.05108642578125, 0.00276947021484375, -0.0870361328125, 0.01204681396484375, 0.01641845703125, 0.056121826171875] -1 NA NA
testing_11 [-0.0277557373046875, -0.006664276123046875, -0.057342529296875, 0.01551055908203125, 0.020538330078125, 0.0266876220703125] -1 NA NA
training_74 [-0.01009368896484375, 0.0001823902130126953, -0.0084228515625, 0.016510009765625, -0.00624847412109375, 0.0017185211181640625] -1 NA NA
training_76 [-0.057647705078125, 0.0266265869140625, -0.051116943359375, 0.0187530517578125, -0.003856658935546875, 0.01409149169921875] -1 NA NA
training_55 [-0.0312042236328125, -0.0099334716796875, -0.038543701171875, 0.0089874267578125, 0.0210113525390625, 0.0283050537109375] -1 NA NA
testing_1 [-0.136962890625, 0.05810546875, -0.1434326171875, 0.0087738037109375, 0.035125732421875, 0.0418701171875] -1 NA NA
training_43 [-0.12298583984375, 0.046722412109375, -0.129638671875, 0.01244354248046875, 0.061248779296875, 0.00951385498046875] -1 NA NA
training_54 [-0.06488037109375, 0.03338623046875, -0.06658935546875, 0.0178985595703125, 0.027008056640625, -0.027435302734375] -1 NA NA
training_28 [-0.1571044921875, 0.037689208984375, -0.151123046875, -0.048370361328125, 0.2115478515625, -0.026763916015625] -1 NA NA
testing_11 [-0.09283447265625, 0.0262908935546875, -0.092041015625, -0.039337158203125, 0.0906982421875, 0.032745361328125] -1 NA NA
training_31 [-0.0129852294921875, 0.015869140625, -0.01263427734375, 0.00530242919921875, -0.0012350082397460938, -0.00254058837890625] -1 NA NA
training_58 [-0.09564208984375, 0.045745849609375, -0.126220703125, 0.043701171875, 0.037567138671875, -0.029632568359375] -1 NA NA
testing_3 [-0.051361083984375, 0.0208740234375, -0.061187744140625, 0.003627777099609375, 0.04351806640625, -0.011932373046875] -1 NA NA
testing_14 [-0.060760498046875, 0.040496826171875, -0.06488037109375, 0.0167388916015625, 0.0162200927734375, -0.030914306640625] -1 NA NA
training_38 [-0.051025390625, 0.02716064453125, -0.052459716796875, -0.001697540283203125, 0.031890869140625, -0.01256561279296875] -1 NA NA
training_14 [-0.10546875, 0.056732177734375, -0.1220703125, 0.01425933837890625, 0.0347900390625, 0.00672149658203125] -1 NA NA
training_15 [-0.113525390625, 0.06024169921875, -0.11553955078125, -0.01114654541015625, 0.052398681640625, 0.01580810546875] -1 NA NA
training_73 [-0.083984375, 0.0194244384765625, -0.1119384765625, -0.0014295578002929688, 0.08074951171875, 0.0043487548828125] -1 NA NA
training_32 [-0.024627685546875, 0.0164947509765625, -0.040679931640625, 0.008392333984375, 0.004261016845703125, 0.01163482666015625] -1 NA NA
training_6 [-0.06591796875, 0.0548095703125, -0.0477294921875, -0.01300811767578125, 0.0020580291748046875, 0.0039520263671875] -1 NA NA
testing_1 [-0.02862548828125, -0.0018472671508789062, -0.02813720703125, -0.0037326812744140625, 0.022613525390625, 0.0128173828125] -1 NA NA
training_71 [-0.0328369140625, 0.023468017578125, -0.0190582275390625, -0.0168304443359375, 0.0237274169921875, -0.0090179443359375] -1 NA NA
training_12 [-0.018310546875, 0.013427734375, -0.00762939453125, 0.0164794921875, -0.0003407001495361328, -0.02923583984375] -1 NA NA
training_31 [-0.01528167724609375, -0.0029163360595703125, -0.01085662841796875, 0.0162506103515625, -0.004695892333984375, 0.0006570816040039062] -1 NA NA
testing_27 [-0.0307769775390625, 0.0009427070617675781, 0.005523681640625, -0.00826263427734375, 0.0208282470703125, -0.001560211181640625] -1 NA NA
training_69 [-0.1348876953125, 0.0694580078125, -0.1439208984375, -0.00446319580078125, 0.048828125, 0.0246429443359375] -1 NA NA
testing_32 [-0.031768798828125, 0.01349639892578125, -0.00862884521484375, -0.035614013671875, 0.033172607421875, 0.0104522705078125] -1 NA NA
testing_29 [-0.0078582763671875, -0.0003592967987060547, -0.0037097930908203125, 0.0347900390625, -0.001953125, -0.034820556640625] -1 NA NA
testing_26 [-0.0019350051879882812, -0.01222991943359375, -0.0166473388671875, -0.0009469985961914062, 0.02001953125, 0.00420379638671875] -1 NA NA
training_7 [-0.0330810546875, -0.006214141845703125, -0.00836944580078125, -0.0045013427734375, 0.033111572265625, 0.000286102294921875] -1 NA NA
training_4 [-0.0254669189453125, 0.005496978759765625, -0.0186920166015625, 0.0089569091796875, 0.01568603515625, -0.01348876953125] -1 NA NA
training_17 [-0.022613525390625, 0.01039886474609375, 0.00037097930908203125, 0.0034542083740234375, 0.003078460693359375, -0.01433563232421875] -1 NA NA
training_5 [-0.031585693359375, 0.01012420654296875, -0.02374267578125, 0.00040411949157714844, 0.0225982666015625, -0.01210784912109375] -1 NA NA
testing_13 [-0.0439453125, 0.0243072509765625, -0.0107879638671875, 0.0145111083984375, 0.0167083740234375, -0.02886962890625] -1 NA NA
training_34 [-0.00939178466796875, -0.01253509521484375, -0.00035834312438964844, 0.01131439208984375, 0.00933074951171875, -0.007648468017578125] -1 NA NA
testing_30 [-0.09625244140625, 0.058563232421875, -0.033355712890625, -0.0556640625, 0.0570068359375, 0.007965087890625] -1 NA NA
training_91 [-0.11328125, 0.031768798828125, -0.067626953125, -0.053436279296875, 0.052398681640625, 0.0758056640625] -1 NA NA
training_21 [-0.036041259765625, 0.0411376953125, 0.0013971328735351562, -0.032073974609375, 0.01045989990234375, -0.01116180419921875] -1 NA NA
training_31 [-0.10797119140625, 0.10113525390625, -0.09930419921875, -0.06494140625, 0.07012939453125, -0.00795745849609375] -1 NA NA
training_73 [-0.050384521484375, 0.020355224609375, 0.0029087066650390625, -0.0565185546875, 0.046051025390625, 0.0224151611328125] -1 NA NA
training_27 [-0.0953369140625, 0.03594970703125, -0.04364013671875, -0.0970458984375, 0.107666015625, 0.05096435546875] -1 NA NA
training_23 [-0.035125732421875, 0.029510498046875, -0.020751953125, -0.023040771484375, 0.0252532958984375, -0.006298065185546875] -1 NA NA
training_11 [-0.0194244384765625, 0.0229339599609375, 0.0362548828125, -0.032684326171875, 0.0168304443359375, -0.0128021240234375] -1 NA NA
testing_24 [-0.0264739990234375, 0.01861572265625, 0.0269927978515625, -0.051300048828125, 0.0240631103515625, 0.01378631591796875] -1 NA NA
testing_17 [-0.06768798828125, 0.07611083984375, -0.033447265625, -0.0714111328125, 0.03240966796875, 0.0219879150390625] -1 NA NA
training_3 [-0.0295867919921875, 0.019622802734375, -0.0136871337890625, -0.01105499267578125, 0.0143585205078125, -0.0016574859619140625] -1 NA NA
training_2 [-0.031768798828125, 0.02178955078125, 0.0218658447265625, -0.039581298828125, 0.025177001953125, -0.0010919570922851562] -1 NA NA
testing_23 [-0.122802734375, 0.0897216796875, -0.08984375, -0.07440185546875, 0.055816650390625, 0.03399658203125] -1 NA NA
training_71 [-0.11676025390625, 0.08880615234375, -0.109375, -0.053863525390625, 0.05255126953125, 0.03118896484375] -1 NA NA
testing_11 [-0.08563232421875, 0.034759521484375, -0.041839599609375, -0.035858154296875, 0.053863525390625, 0.01959228515625] -1 NA NA
